family,status,readback,setpoint,device1,device2,element,pos
BPMx,1,SR-DI-EBPM-01:SA:X,,1,1,1,4.377500e+00
BPMx,1,SR-DI-EBPM-01:SA:X,,1,2,2,8.806500e+00
BPMx,1,SR-DI-EBPM-01:SA:X,,1,3,3,1.137400e+01
BPMx,1,SR-DI-EBPM-01:SA:X,,1,4,4,1.255900e+01
BPMx,1,SR-DI-EBPM-01:SA:X,,1,5,5,1.494250e+01
BPMx,1,SR-DI-EBPM-01:SA:X,,1,6,6,1.800500e+01
BPMx,1,SR-DI-EBPM-01:SA:X,,1,7,7,2.127250e+01
BPMx,1,SR-DI-EBPM-01:SA:X,,2,1,8,2.702750e+01
BPMx,1,SR-DI-EBPM-01:SA:X,,2,2,9,3.145650e+01
BPMx,1,SR-DI-EBPM-01:SA:X,,2,3,10,3.402400e+01
BPMx,1,SR-DI-EBPM-01:SA:X,,2,4,11,3.520900e+01
BPMx,1,SR-DI-EBPM-01:SA:X,,2,5,12,3.759250e+01
BPMx,1,SR-DI-EBPM-01:SA:X,,2,6,13,4.065500e+01
BPMx,1,SR-DI-EBPM-01:SA:X,,2,7,14,4.392250e+01
BPMx,1,SR-DI-EBPM-01:SA:X,,3,1,15,4.967750e+01
BPMx,1,SR-DI-EBPM-01:SA:X,,3,2,16,5.410650e+01
BPMx,1,SR-DI-EBPM-01:SA:X,,3,3,17,5.667400e+01
BPMx,1,SR-DI-EBPM-01:SA:X,,3,4,18,5.785900e+01
BPMx,1,SR-DI-EBPM-01:SA:X,,3,5,19,6.024250e+01
BPMx,1,SR-DI-EBPM-01:SA:X,,3,6,20,6.330500e+01
BPMx,1,SR-DI-EBPM-01:SA:X,,3,7,21,6.657250e+01
BPMx,1,SR-DI-EBPM-01:SA:X,,4,1,22,7.232750e+01
BPMx,1,SR-DI-EBPM-01:SA:X,,4,2,23,7.675650e+01
BPMx,1,SR-DI-EBPM-01:SA:X,,4,3,24,7.932400e+01
BPMx,1,SR-DI-EBPM-01:SA:X,,4,4,25,8.050900e+01
BPMx,1,SR-DI-EBPM-01:SA:X,,4,5,26,8.289250e+01
BPMx,1,SR-DI-EBPM-01:SA:X,,4,6,27,8.595500e+01
BPMx,1,SR-DI-EBPM-01:SA:X,,4,7,28,8.922250e+01
BPMx,1,SR-DI-EBPM-01:SA:X,,5,1,29,9.797750e+01
BPMx,1,SR-DI-EBPM-01:SA:X,,5,2,30,1.024065e+02
BPMx,1,SR-DI-EBPM-01:SA:X,,5,3,31,1.049740e+02
BPMx,1,SR-DI-EBPM-01:SA:X,,5,4,32,1.061590e+02
BPMx,1,SR-DI-EBPM-01:SA:X,,5,5,33,1.085425e+02
BPMx,1,SR-DI-EBPM-01:SA:X,,5,6,34,1.116050e+02
BPMx,1,SR-DI-EBPM-01:SA:X,,5,7,35,1.148725e+02
BPMx,1,SR-DI-EBPM-01:SA:X,,6,1,36,1.206275e+02
BPMx,1,SR-DI-EBPM-01:SA:X,,6,2,37,1.250565e+02
BPMx,1,SR-DI-EBPM-01:SA:X,,6,3,38,1.276240e+02
BPMx,1,SR-DI-EBPM-01:SA:X,,6,4,39,1.288090e+02
BPMx,1,SR-DI-EBPM-01:SA:X,,6,5,40,1.311925e+02
BPMx,1,SR-DI-EBPM-01:SA:X,,6,6,41,1.342550e+02
BPMx,1,SR-DI-EBPM-01:SA:X,,6,7,42,1.375225e+02
BPMx,1,SR-DI-EBPM-01:SA:X,,7,1,43,1.432775e+02
BPMx,1,SR-DI-EBPM-01:SA:X,,7,2,44,1.477065e+02
BPMx,1,SR-DI-EBPM-01:SA:X,,7,3,45,1.502740e+02
BPMx,1,SR-DI-EBPM-01:SA:X,,7,4,46,1.514590e+02
BPMx,1,SR-DI-EBPM-01:SA:X,,7,5,47,1.538425e+02
BPMx,1,SR-DI-EBPM-01:SA:X,,7,6,48,1.569050e+02
BPMx,1,SR-DI-EBPM-01:SA:X,,7,7,49,1.601725e+02
BPMx,1,SR-DI-EBPM-01:SA:X,,8,1,50,1.659275e+02
BPMx,1,SR-DI-EBPM-01:SA:X,,8,2,51,1.703565e+02
BPMx,1,SR-DI-EBPM-01:SA:X,,8,3,52,1.729240e+02
BPMx,1,SR-DI-EBPM-01:SA:X,,8,4,53,1.741090e+02
BPMx,1,SR-DI-EBPM-01:SA:X,,8,5,54,1.764925e+02
BPMx,1,SR-DI-EBPM-01:SA:X,,8,6,55,1.795550e+02
BPMx,1,SR-DI-EBPM-01:SA:X,,8,7,56,1.826835e+02
BPMx,1,SR-DI-EBPM-01:SA:X,,9.500000e+00,1,57,1.856895e+02
BPMx,1,SR-DI-EBPM-01:SA:X,,9.500000e+00,2,58,1.882923e+02
BPMx,1,SR-DI-EBPM-01:SA:X,,9,1,59,1.918253e+02
BPMx,1,SR-DI-EBPM-01:SA:X,,9,2,60,1.960065e+02
BPMx,1,SR-DI-EBPM-01:SA:X,,9,3,61,1.985740e+02
BPMx,1,SR-DI-EBPM-01:SA:X,,9,4,62,1.997590e+02
BPMx,1,SR-DI-EBPM-01:SA:X,,9,5,63,2.021425e+02
BPMx,1,SR-DI-EBPM-01:SA:X,,9,6,64,2.052050e+02
BPMx,1,SR-DI-EBPM-01:SA:X,,9,7,65,2.073323e+02
BPMx,1,SR-DI-EBPM-01:SA:X,,10,1,66,2.153682e+02
BPMx,1,SR-DI-EBPM-01:SA:X,,10,2,67,2.186565e+02
BPMx,1,SR-DI-EBPM-01:SA:X,,10,3,68,2.212240e+02
BPMx,1,SR-DI-EBPM-01:SA:X,,10,4,69,2.224090e+02
BPMx,1,SR-DI-EBPM-01:SA:X,,10,5,70,2.247925e+02
BPMx,1,SR-DI-EBPM-01:SA:X,,10,6,71,2.278550e+02
BPMx,1,SR-DI-EBPM-01:SA:X,,10,7,72,2.311225e+02
BPMx,1,SR-DI-EBPM-01:SA:X,,11,1,73,2.368775e+02
BPMx,1,SR-DI-EBPM-01:SA:X,,11,2,74,2.413065e+02
BPMx,0,SR-DI-EBPM-01:SA:X,,11,3,75,2.438740e+02
BPMx,1,SR-DI-EBPM-01:SA:X,,11,4,76,2.450590e+02
BPMx,1,SR-DI-EBPM-01:SA:X,,11,5,77,2.474425e+02
BPMx,1,SR-DI-EBPM-01:SA:X,,11,6,78,2.505050e+02
BPMx,1,SR-DI-EBPM-01:SA:X,,11,7,79,2.537725e+02
BPMx,1,SR-DI-EBPM-01:SA:X,,12,1,80,2.595275e+02
BPMx,1,SR-DI-EBPM-01:SA:X,,12,2,81,2.639565e+02
BPMx,1,SR-DI-EBPM-01:SA:X,,12,3,82,2.665240e+02
BPMx,1,SR-DI-EBPM-01:SA:X,,12,4,83,2.677090e+02
BPMx,1,SR-DI-EBPM-01:SA:X,,12,5,84,2.700925e+02
BPMx,1,SR-DI-EBPM-01:SA:X,,12,6,85,2.731550e+02
BPMx,1,SR-DI-EBPM-01:SA:X,,12,7,86,2.762835e+02
BPMx,1,SR-DI-EBPM-01:SA:X,,1.350000e+01,1,87,2.792895e+02
BPMx,1,SR-DI-EBPM-01:SA:X,,1.350000e+01,2,88,2.818923e+02
BPMx,1,SR-DI-EBPM-01:SA:X,,13,1,89,2.854253e+02
BPMx,1,SR-DI-EBPM-01:SA:X,,13,2,90,2.896065e+02
BPMx,1,SR-DI-EBPM-01:SA:X,,13,3,91,2.921740e+02
BPMx,1,SR-DI-EBPM-01:SA:X,,13,4,92,2.933590e+02
BPMx,1,SR-DI-EBPM-01:SA:X,,13,5,93,2.957425e+02
BPMx,1,SR-DI-EBPM-01:SA:X,,13,6,94,2.988050e+02
BPMx,1,SR-DI-EBPM-01:SA:X,,13,7,95,3.020725e+02
BPMx,1,SR-DI-EBPM-01:SA:X,,14,1,96,3.078275e+02
BPMx,1,SR-DI-EBPM-01:SA:X,,14,2,97,3.122565e+02
BPMx,1,SR-DI-EBPM-01:SA:X,,14,3,98,3.148240e+02
BPMx,1,SR-DI-EBPM-01:SA:X,,14,4,99,3.160090e+02
BPMx,1,SR-DI-EBPM-01:SA:X,,14,5,100,3.183925e+02
BPMx,1,SR-DI-EBPM-01:SA:X,,14,6,101,3.214550e+02
BPMx,1,SR-DI-EBPM-01:SA:X,,14,7,102,3.247225e+02
BPMx,1,SR-DI-EBPM-01:SA:X,,15,1,103,3.304775e+02
BPMx,1,SR-DI-EBPM-01:SA:X,,15,2,104,3.349065e+02
BPMx,1,SR-DI-EBPM-01:SA:X,,15,3,105,3.374740e+02
BPMx,1,SR-DI-EBPM-01:SA:X,,15,4,106,3.386590e+02
BPMx,1,SR-DI-EBPM-01:SA:X,,15,5,107,3.410425e+02
BPMx,1,SR-DI-EBPM-01:SA:X,,15,6,108,3.441050e+02
BPMx,1,SR-DI-EBPM-01:SA:X,,15,7,109,3.473725e+02
BPMx,1,SR-DI-EBPM-01:SA:X,,16,1,110,3.531275e+02
BPMx,1,SR-DI-EBPM-01:SA:X,,16,2,111,3.575565e+02
BPMx,1,SR-DI-EBPM-01:SA:X,,16,3,112,3.601240e+02
BPMx,1,SR-DI-EBPM-01:SA:X,,16,4,113,3.613090e+02
BPMx,1,SR-DI-EBPM-01:SA:X,,16,5,114,3.636925e+02
BPMx,0,SR-DI-EBPM-01:SA:X,,16,6,115,3.667550e+02
BPMx,1,SR-DI-EBPM-01:SA:X,,16,7,116,3.700225e+02
BPMx,1,SR-DI-EBPM-01:SA:X,,17,1,117,3.787775e+02
BPMx,1,SR-DI-EBPM-01:SA:X,,17,2,118,3.832065e+02
BPMx,1,SR-DI-EBPM-01:SA:X,,17,3,119,3.857740e+02
BPMx,1,SR-DI-EBPM-01:SA:X,,17,4,120,3.869590e+02
BPMx,1,SR-DI-EBPM-01:SA:X,,17,5,121,3.893425e+02
BPMx,1,SR-DI-EBPM-01:SA:X,,17,6,122,3.924050e+02
BPMx,1,SR-DI-EBPM-01:SA:X,,17,7,123,3.956725e+02
BPMx,1,SR-DI-EBPM-01:SA:X,,18,1,124,4.014275e+02
BPMx,1,SR-DI-EBPM-01:SA:X,,18,2,125,4.058565e+02
BPMx,1,SR-DI-EBPM-01:SA:X,,18,3,126,4.084240e+02
BPMx,1,SR-DI-EBPM-01:SA:X,,18,4,127,4.096090e+02
BPMx,1,SR-DI-EBPM-01:SA:X,,18,5,128,4.119925e+02
BPMx,1,SR-DI-EBPM-01:SA:X,,18,6,129,4.150550e+02
BPMx,1,SR-DI-EBPM-01:SA:X,,18,7,130,4.183225e+02
BPMx,1,SR-DI-EBPM-01:SA:X,,19,1,131,4.240775e+02
BPMx,1,SR-DI-EBPM-01:SA:X,,19,2,132,4.285065e+02
BPMx,1,SR-DI-EBPM-01:SA:X,,19,3,133,4.310740e+02
BPMx,1,SR-DI-EBPM-01:SA:X,,19,4,134,4.322590e+02
BPMx,1,SR-DI-EBPM-01:SA:X,,19,5,135,4.346425e+02
BPMx,1,SR-DI-EBPM-01:SA:X,,19,6,136,4.377050e+02
BPMx,1,SR-DI-EBPM-01:SA:X,,19,7,137,4.409725e+02
BPMx,1,SR-DI-EBPM-01:SA:X,,20,1,138,4.467275e+02
BPMx,1,SR-DI-EBPM-01:SA:X,,20,2,139,4.511565e+02
BPMx,1,SR-DI-EBPM-01:SA:X,,20,3,140,4.537240e+02
BPMx,1,SR-DI-EBPM-01:SA:X,,20,4,141,4.549090e+02
BPMx,1,SR-DI-EBPM-01:SA:X,,20,5,142,4.572925e+02
BPMx,1,SR-DI-EBPM-01:SA:X,,20,6,143,4.603550e+02
BPMx,1,SR-DI-EBPM-01:SA:X,,20,7,144,4.636225e+02
BPMx,1,SR-DI-EBPM-01:SA:X,,21,1,145,4.723775e+02
BPMx,1,SR-DI-EBPM-01:SA:X,,21,2,146,4.768065e+02
BPMx,1,SR-DI-EBPM-01:SA:X,,21,3,147,4.793740e+02
BPMx,1,SR-DI-EBPM-01:SA:X,,21,4,148,4.805590e+02
BPMx,1,SR-DI-EBPM-01:SA:X,,21,5,149,4.829425e+02
BPMx,1,SR-DI-EBPM-01:SA:X,,21,6,150,4.860050e+02
BPMx,1,SR-DI-EBPM-01:SA:X,,21,7,151,4.892725e+02
BPMx,1,SR-DI-EBPM-01:SA:X,,22,1,152,4.950275e+02
BPMx,1,SR-DI-EBPM-01:SA:X,,22,2,153,4.994565e+02
BPMx,1,SR-DI-EBPM-01:SA:X,,22,3,154,5.020240e+02
BPMx,1,SR-DI-EBPM-01:SA:X,,22,4,155,5.032090e+02
BPMx,1,SR-DI-EBPM-01:SA:X,,22,5,156,5.055925e+02
BPMx,1,SR-DI-EBPM-01:SA:X,,22,6,157,5.086550e+02
BPMx,1,SR-DI-EBPM-01:SA:X,,22,7,158,5.119225e+02
BPMx,1,SR-DI-EBPM-01:SA:X,,23,1,159,5.176775e+02
BPMx,1,SR-DI-EBPM-01:SA:X,,23,2,160,5.221065e+02
BPMx,1,SR-DI-EBPM-01:SA:X,,23,3,161,5.246740e+02
BPMx,1,SR-DI-EBPM-01:SA:X,,23,4,162,5.258590e+02
BPMx,1,SR-DI-EBPM-01:SA:X,,23,5,163,5.282425e+02
BPMx,1,SR-DI-EBPM-01:SA:X,,23,6,164,5.313050e+02
BPMx,1,SR-DI-EBPM-01:SA:X,,23,7,165,5.345725e+02
BPMx,1,SR-DI-EBPM-01:SA:X,,24,1,166,5.403275e+02
BPMx,1,SR-DI-EBPM-01:SA:X,,24,2,167,5.447565e+02
BPMx,1,SR-DI-EBPM-01:SA:X,,24,3,168,5.473240e+02
BPMx,1,SR-DI-EBPM-01:SA:X,,24,4,169,5.485090e+02
BPMx,1,SR-DI-EBPM-01:SA:X,,24,5,170,5.508925e+02
BPMx,1,SR-DI-EBPM-01:SA:X,,24,6,171,5.539550e+02
BPMx,1,SR-DI-EBPM-01:SA:X,,24,7,172,5.572225e+02
BPMy,1,SR-DI-EBPM-01:SA:Y,,1,1,1,4.377500e+00
BPMy,1,SR-DI-EBPM-01:SA:Y,,1,2,2,8.806500e+00
BPMy,1,SR-DI-EBPM-01:SA:Y,,1,3,3,1.137400e+01
BPMy,1,SR-DI-EBPM-01:SA:Y,,1,4,4,1.255900e+01
BPMy,1,SR-DI-EBPM-01:SA:Y,,1,5,5,1.494250e+01
BPMy,1,SR-DI-EBPM-01:SA:Y,,1,6,6,1.800500e+01
BPMy,1,SR-DI-EBPM-01:SA:Y,,1,7,7,2.127250e+01
BPMy,1,SR-DI-EBPM-01:SA:Y,,2,1,8,2.702750e+01
BPMy,1,SR-DI-EBPM-01:SA:Y,,2,2,9,3.145650e+01
BPMy,1,SR-DI-EBPM-01:SA:Y,,2,3,10,3.402400e+01
BPMy,1,SR-DI-EBPM-01:SA:Y,,2,4,11,3.520900e+01
BPMy,1,SR-DI-EBPM-01:SA:Y,,2,5,12,3.759250e+01
BPMy,1,SR-DI-EBPM-01:SA:Y,,2,6,13,4.065500e+01
BPMy,1,SR-DI-EBPM-01:SA:Y,,2,7,14,4.392250e+01
BPMy,1,SR-DI-EBPM-01:SA:Y,,3,1,15,4.967750e+01
BPMy,1,SR-DI-EBPM-01:SA:Y,,3,2,16,5.410650e+01
BPMy,1,SR-DI-EBPM-01:SA:Y,,3,3,17,5.667400e+01
BPMy,1,SR-DI-EBPM-01:SA:Y,,3,4,18,5.785900e+01
BPMy,1,SR-DI-EBPM-01:SA:Y,,3,5,19,6.024250e+01
BPMy,1,SR-DI-EBPM-01:SA:Y,,3,6,20,6.330500e+01
BPMy,1,SR-DI-EBPM-01:SA:Y,,3,7,21,6.657250e+01
BPMy,1,SR-DI-EBPM-01:SA:Y,,4,1,22,7.232750e+01
BPMy,1,SR-DI-EBPM-01:SA:Y,,4,2,23,7.675650e+01
BPMy,1,SR-DI-EBPM-01:SA:Y,,4,3,24,7.932400e+01
BPMy,1,SR-DI-EBPM-01:SA:Y,,4,4,25,8.050900e+01
BPMy,1,SR-DI-EBPM-01:SA:Y,,4,5,26,8.289250e+01
BPMy,1,SR-DI-EBPM-01:SA:Y,,4,6,27,8.595500e+01
BPMy,1,SR-DI-EBPM-01:SA:Y,,4,7,28,8.922250e+01
BPMy,1,SR-DI-EBPM-01:SA:Y,,5,1,29,9.797750e+01
BPMy,1,SR-DI-EBPM-01:SA:Y,,5,2,30,1.024065e+02
BPMy,1,SR-DI-EBPM-01:SA:Y,,5,3,31,1.049740e+02
BPMy,1,SR-DI-EBPM-01:SA:Y,,5,4,32,1.061590e+02
BPMy,1,SR-DI-EBPM-01:SA:Y,,5,5,33,1.085425e+02
BPMy,1,SR-DI-EBPM-01:SA:Y,,5,6,34,1.116050e+02
BPMy,1,SR-DI-EBPM-01:SA:Y,,5,7,35,1.148725e+02
BPMy,1,SR-DI-EBPM-01:SA:Y,,6,1,36,1.206275e+02
BPMy,1,SR-DI-EBPM-01:SA:Y,,6,2,37,1.250565e+02
BPMy,1,SR-DI-EBPM-01:SA:Y,,6,3,38,1.276240e+02
BPMy,1,SR-DI-EBPM-01:SA:Y,,6,4,39,1.288090e+02
BPMy,1,SR-DI-EBPM-01:SA:Y,,6,5,40,1.311925e+02
BPMy,1,SR-DI-EBPM-01:SA:Y,,6,6,41,1.342550e+02
BPMy,1,SR-DI-EBPM-01:SA:Y,,6,7,42,1.375225e+02
BPMy,1,SR-DI-EBPM-01:SA:Y,,7,1,43,1.432775e+02
BPMy,1,SR-DI-EBPM-01:SA:Y,,7,2,44,1.477065e+02
BPMy,1,SR-DI-EBPM-01:SA:Y,,7,3,45,1.502740e+02
BPMy,1,SR-DI-EBPM-01:SA:Y,,7,4,46,1.514590e+02
BPMy,1,SR-DI-EBPM-01:SA:Y,,7,5,47,1.538425e+02
BPMy,1,SR-DI-EBPM-01:SA:Y,,7,6,48,1.569050e+02
BPMy,1,SR-DI-EBPM-01:SA:Y,,7,7,49,1.601725e+02
BPMy,1,SR-DI-EBPM-01:SA:Y,,8,1,50,1.659275e+02
BPMy,1,SR-DI-EBPM-01:SA:Y,,8,2,51,1.703565e+02
BPMy,1,SR-DI-EBPM-01:SA:Y,,8,3,52,1.729240e+02
BPMy,1,SR-DI-EBPM-01:SA:Y,,8,4,53,1.741090e+02
BPMy,1,SR-DI-EBPM-01:SA:Y,,8,5,54,1.764925e+02
BPMy,1,SR-DI-EBPM-01:SA:Y,,8,6,55,1.795550e+02
BPMy,1,SR-DI-EBPM-01:SA:Y,,8,7,56,1.826835e+02
BPMy,1,SR-DI-EBPM-01:SA:Y,,9.500000e+00,1,57,1.856895e+02
BPMy,1,SR-DI-EBPM-01:SA:Y,,9.500000e+00,2,58,1.882923e+02
BPMy,1,SR-DI-EBPM-01:SA:Y,,9,1,59,1.918253e+02
BPMy,1,SR-DI-EBPM-01:SA:Y,,9,2,60,1.960065e+02
BPMy,1,SR-DI-EBPM-01:SA:Y,,9,3,61,1.985740e+02
BPMy,1,SR-DI-EBPM-01:SA:Y,,9,4,62,1.997590e+02
BPMy,1,SR-DI-EBPM-01:SA:Y,,9,5,63,2.021425e+02
BPMy,1,SR-DI-EBPM-01:SA:Y,,9,6,64,2.052050e+02
BPMy,1,SR-DI-EBPM-01:SA:Y,,9,7,65,2.073323e+02
BPMy,1,SR-DI-EBPM-01:SA:Y,,10,1,66,2.153682e+02
BPMy,1,SR-DI-EBPM-01:SA:Y,,10,2,67,2.186565e+02
BPMy,1,SR-DI-EBPM-01:SA:Y,,10,3,68,2.212240e+02
BPMy,1,SR-DI-EBPM-01:SA:Y,,10,4,69,2.224090e+02
BPMy,1,SR-DI-EBPM-01:SA:Y,,10,5,70,2.247925e+02
BPMy,1,SR-DI-EBPM-01:SA:Y,,10,6,71,2.278550e+02
BPMy,1,SR-DI-EBPM-01:SA:Y,,10,7,72,2.311225e+02
BPMy,1,SR-DI-EBPM-01:SA:Y,,11,1,73,2.368775e+02
BPMy,1,SR-DI-EBPM-01:SA:Y,,11,2,74,2.413065e+02
BPMy,0,SR-DI-EBPM-01:SA:Y,,11,3,75,2.438740e+02
BPMy,1,SR-DI-EBPM-01:SA:Y,,11,4,76,2.450590e+02
BPMy,1,SR-DI-EBPM-01:SA:Y,,11,5,77,2.474425e+02
BPMy,1,SR-DI-EBPM-01:SA:Y,,11,6,78,2.505050e+02
BPMy,1,SR-DI-EBPM-01:SA:Y,,11,7,79,2.537725e+02
BPMy,1,SR-DI-EBPM-01:SA:Y,,12,1,80,2.595275e+02
BPMy,1,SR-DI-EBPM-01:SA:Y,,12,2,81,2.639565e+02
BPMy,1,SR-DI-EBPM-01:SA:Y,,12,3,82,2.665240e+02
BPMy,1,SR-DI-EBPM-01:SA:Y,,12,4,83,2.677090e+02
BPMy,1,SR-DI-EBPM-01:SA:Y,,12,5,84,2.700925e+02
BPMy,1,SR-DI-EBPM-01:SA:Y,,12,6,85,2.731550e+02
BPMy,1,SR-DI-EBPM-01:SA:Y,,12,7,86,2.762835e+02
BPMy,1,SR-DI-EBPM-01:SA:Y,,1.350000e+01,1,87,2.792895e+02
BPMy,1,SR-DI-EBPM-01:SA:Y,,1.350000e+01,2,88,2.818923e+02
BPMy,1,SR-DI-EBPM-01:SA:Y,,13,1,89,2.854253e+02
BPMy,1,SR-DI-EBPM-01:SA:Y,,13,2,90,2.896065e+02
BPMy,1,SR-DI-EBPM-01:SA:Y,,13,3,91,2.921740e+02
BPMy,1,SR-DI-EBPM-01:SA:Y,,13,4,92,2.933590e+02
BPMy,1,SR-DI-EBPM-01:SA:Y,,13,5,93,2.957425e+02
BPMy,1,SR-DI-EBPM-01:SA:Y,,13,6,94,2.988050e+02
BPMy,1,SR-DI-EBPM-01:SA:Y,,13,7,95,3.020725e+02
BPMy,1,SR-DI-EBPM-01:SA:Y,,14,1,96,3.078275e+02
BPMy,1,SR-DI-EBPM-01:SA:Y,,14,2,97,3.122565e+02
BPMy,1,SR-DI-EBPM-01:SA:Y,,14,3,98,3.148240e+02
BPMy,1,SR-DI-EBPM-01:SA:Y,,14,4,99,3.160090e+02
BPMy,1,SR-DI-EBPM-01:SA:Y,,14,5,100,3.183925e+02
BPMy,1,SR-DI-EBPM-01:SA:Y,,14,6,101,3.214550e+02
BPMy,1,SR-DI-EBPM-01:SA:Y,,14,7,102,3.247225e+02
BPMy,1,SR-DI-EBPM-01:SA:Y,,15,1,103,3.304775e+02
BPMy,1,SR-DI-EBPM-01:SA:Y,,15,2,104,3.349065e+02
BPMy,1,SR-DI-EBPM-01:SA:Y,,15,3,105,3.374740e+02
BPMy,1,SR-DI-EBPM-01:SA:Y,,15,4,106,3.386590e+02
BPMy,1,SR-DI-EBPM-01:SA:Y,,15,5,107,3.410425e+02
BPMy,1,SR-DI-EBPM-01:SA:Y,,15,6,108,3.441050e+02
BPMy,1,SR-DI-EBPM-01:SA:Y,,15,7,109,3.473725e+02
BPMy,1,SR-DI-EBPM-01:SA:Y,,16,1,110,3.531275e+02
BPMy,1,SR-DI-EBPM-01:SA:Y,,16,2,111,3.575565e+02
BPMy,1,SR-DI-EBPM-01:SA:Y,,16,3,112,3.601240e+02
BPMy,1,SR-DI-EBPM-01:SA:Y,,16,4,113,3.613090e+02
BPMy,1,SR-DI-EBPM-01:SA:Y,,16,5,114,3.636925e+02
BPMy,0,SR-DI-EBPM-01:SA:Y,,16,6,115,3.667550e+02
BPMy,1,SR-DI-EBPM-01:SA:Y,,16,7,116,3.700225e+02
BPMy,1,SR-DI-EBPM-01:SA:Y,,17,1,117,3.787775e+02
BPMy,1,SR-DI-EBPM-01:SA:Y,,17,2,118,3.832065e+02
BPMy,1,SR-DI-EBPM-01:SA:Y,,17,3,119,3.857740e+02
BPMy,1,SR-DI-EBPM-01:SA:Y,,17,4,120,3.869590e+02
BPMy,1,SR-DI-EBPM-01:SA:Y,,17,5,121,3.893425e+02
BPMy,1,SR-DI-EBPM-01:SA:Y,,17,6,122,3.924050e+02
BPMy,1,SR-DI-EBPM-01:SA:Y,,17,7,123,3.956725e+02
BPMy,1,SR-DI-EBPM-01:SA:Y,,18,1,124,4.014275e+02
BPMy,1,SR-DI-EBPM-01:SA:Y,,18,2,125,4.058565e+02
BPMy,1,SR-DI-EBPM-01:SA:Y,,18,3,126,4.084240e+02
BPMy,1,SR-DI-EBPM-01:SA:Y,,18,4,127,4.096090e+02
BPMy,1,SR-DI-EBPM-01:SA:Y,,18,5,128,4.119925e+02
BPMy,1,SR-DI-EBPM-01:SA:Y,,18,6,129,4.150550e+02
BPMy,1,SR-DI-EBPM-01:SA:Y,,18,7,130,4.183225e+02
BPMy,1,SR-DI-EBPM-01:SA:Y,,19,1,131,4.240775e+02
BPMy,1,SR-DI-EBPM-01:SA:Y,,19,2,132,4.285065e+02
BPMy,1,SR-DI-EBPM-01:SA:Y,,19,3,133,4.310740e+02
BPMy,1,SR-DI-EBPM-01:SA:Y,,19,4,134,4.322590e+02
BPMy,1,SR-DI-EBPM-01:SA:Y,,19,5,135,4.346425e+02
BPMy,1,SR-DI-EBPM-01:SA:Y,,19,6,136,4.377050e+02
BPMy,1,SR-DI-EBPM-01:SA:Y,,19,7,137,4.409725e+02
BPMy,1,SR-DI-EBPM-01:SA:Y,,20,1,138,4.467275e+02
BPMy,1,SR-DI-EBPM-01:SA:Y,,20,2,139,4.511565e+02
BPMy,1,SR-DI-EBPM-01:SA:Y,,20,3,140,4.537240e+02
BPMy,1,SR-DI-EBPM-01:SA:Y,,20,4,141,4.549090e+02
BPMy,1,SR-DI-EBPM-01:SA:Y,,20,5,142,4.572925e+02
BPMy,1,SR-DI-EBPM-01:SA:Y,,20,6,143,4.603550e+02
BPMy,1,SR-DI-EBPM-01:SA:Y,,20,7,144,4.636225e+02
BPMy,1,SR-DI-EBPM-01:SA:Y,,21,1,145,4.723775e+02
BPMy,1,SR-DI-EBPM-01:SA:Y,,21,2,146,4.768065e+02
BPMy,1,SR-DI-EBPM-01:SA:Y,,21,3,147,4.793740e+02
BPMy,1,SR-DI-EBPM-01:SA:Y,,21,4,148,4.805590e+02
BPMy,1,SR-DI-EBPM-01:SA:Y,,21,5,149,4.829425e+02
BPMy,1,SR-DI-EBPM-01:SA:Y,,21,6,150,4.860050e+02
BPMy,1,SR-DI-EBPM-01:SA:Y,,21,7,151,4.892725e+02
BPMy,1,SR-DI-EBPM-01:SA:Y,,22,1,152,4.950275e+02
BPMy,1,SR-DI-EBPM-01:SA:Y,,22,2,153,4.994565e+02
BPMy,1,SR-DI-EBPM-01:SA:Y,,22,3,154,5.020240e+02
BPMy,1,SR-DI-EBPM-01:SA:Y,,22,4,155,5.032090e+02
BPMy,1,SR-DI-EBPM-01:SA:Y,,22,5,156,5.055925e+02
BPMy,1,SR-DI-EBPM-01:SA:Y,,22,6,157,5.086550e+02
BPMy,1,SR-DI-EBPM-01:SA:Y,,22,7,158,5.119225e+02
BPMy,1,SR-DI-EBPM-01:SA:Y,,23,1,159,5.176775e+02
BPMy,1,SR-DI-EBPM-01:SA:Y,,23,2,160,5.221065e+02
BPMy,1,SR-DI-EBPM-01:SA:Y,,23,3,161,5.246740e+02
BPMy,1,SR-DI-EBPM-01:SA:Y,,23,4,162,5.258590e+02
BPMy,1,SR-DI-EBPM-01:SA:Y,,23,5,163,5.282425e+02
BPMy,1,SR-DI-EBPM-01:SA:Y,,23,6,164,5.313050e+02
BPMy,1,SR-DI-EBPM-01:SA:Y,,23,7,165,5.345725e+02
BPMy,1,SR-DI-EBPM-01:SA:Y,,24,1,166,5.403275e+02
BPMy,1,SR-DI-EBPM-01:SA:Y,,24,2,167,5.447565e+02
BPMy,1,SR-DI-EBPM-01:SA:Y,,24,3,168,5.473240e+02
BPMy,1,SR-DI-EBPM-01:SA:Y,,24,4,169,5.485090e+02
BPMy,1,SR-DI-EBPM-01:SA:Y,,24,5,170,5.508925e+02
BPMy,1,SR-DI-EBPM-01:SA:Y,,24,6,171,5.539550e+02
BPMy,1,SR-DI-EBPM-01:SA:Y,,24,7,172,5.572225e+02
BPM10x,1,SR10S-DI-EBPM-01:SA:X,,10,1,1,2.112625e+02
BPM10x,1,SR10S-DI-EBPM-02:SA:X,,10,2,2,2.114375e+02
BPM10y,1,SR10S-DI-EBPM-01:SA:X,,10,1,1,2.112625e+02
BPM10y,1,SR10S-DI-EBPM-02:SA:X,,10,2,2,2.114375e+02
HTRIM,1,SR02I-PC-HSTR-11:I,SR02I-PC-HSTR-11:SETI,2,1,1,2.302250e+01
HTRIM,1,SR02I-PC-HSTR-12:I,SR02I-PC-HSTR-12:SETI,2,2,2,2.527750e+01
HTRIM,1,SR03I-PC-HSTR-11:I,SR03I-PC-HSTR-11:SETI,3,1,3,4.567350e+01
HTRIM,1,SR03I-PC-HSTR-12:I,SR03I-PC-HSTR-12:SETI,3,2,4,4.792650e+01
HTRIM,1,SR04I-PC-HSTR-11:I,SR04I-PC-HSTR-11:SETI,4,1,5,6.832250e+01
HTRIM,1,SR04I-PC-HSTR-12:I,SR04I-PC-HSTR-12:SETI,4,2,6,7.057750e+01
HTRIM,1,SR04J-PC-HSTR-11:I,SR04J-PC-HSTR-11:SETI,4,3,7,7.103150e+01
HTRIM,1,SR04J-PC-HSTR-12:I,SR04J-PC-HSTR-12:SETI,4,4,8,7.163850e+01
HTRIM,1,SR06I-PC-HSTR-21:I,SR06I-PC-HSTR-21:SETI,6,1,9,1.150225e+02
HTRIM,1,SR06I-PC-HSTR-22:I,SR06I-PC-HSTR-22:SETI,6,2,10,1.176000e+02
HTRIM,1,SR06I-PC-HSTR-11:I,SR06I-PC-HSTR-11:SETI,6,3,11,1.179828e+02
HTRIM,1,SR06I-PC-HSTR-12:I,SR06I-PC-HSTR-12:SETI,6,4,12,1.203948e+02
HTRIM,1,SR07I-PC-HSTR-11:I,SR07I-PC-HSTR-11:SETI,7,1,13,1.392725e+02
HTRIM,1,SR07I-PC-HSTR-12:I,SR07I-PC-HSTR-12:SETI,7,2,14,1.415275e+02
HTRIM,1,SR09I-PC-HSTR-11:I,SR09I-PC-HSTR-11:SETI,9,1,15,1.828335e+02
HTRIM,1,SR09I-PC-HSTR-12:I,SR09I-PC-HSTR-12:SETI,9,2,16,1.855395e+02
HTRIM,1,SR09J-PC-HSTR-11:I,SR09J-PC-HSTR-11:SETI,9,3,17,1.885232e+02
HTRIM,1,SR09J-PC-HSTR-12:I,SR09J-PC-HSTR-12:SETI,9,4,18,1.916753e+02
HTRIM,1,SR10I-PC-HSTR-21:I,SR10I-PC-HSTR-21:SETI,10,1,19,2.091830e+02
HTRIM,1,SR10I-PC-HSTR-22:I,SR10I-PC-HSTR-22:SETI,10,2,20,2.110530e+02
HTRIM,1,SR10I-PC-HSTR-11:I,SR10I-PC-HSTR-11:SETI,10,3,21,2.116470e+02
HTRIM,1,SR10I-PC-HSTR-12:I,SR10I-PC-HSTR-12:SETI,10,4,22,2.135170e+02
HTRIM,1,SR11I-PC-HSTR-11:I,SR11I-PC-HSTR-11:SETI,11,1,23,2.312725e+02
HTRIM,1,SR11I-PC-HSTR-12:I,SR11I-PC-HSTR-12:SETI,11,2,24,2.367275e+02
HTRIM,1,SR12I-PC-HSTR-11:I,SR12I-PC-HSTR-11:SETI,12,1,25,2.559250e+02
HTRIM,1,SR12I-PC-HSTR-12:I,SR12I-PC-HSTR-12:SETI,12,2,26,2.573750e+02
HTRIM,1,SR13I-PC-HSTR-11:I,SR13I-PC-HSTR-11:SETI,13,1,27,2.764335e+02
HTRIM,1,SR13I-PC-HSTR-12:I,SR13I-PC-HSTR-12:SETI,13,2,28,2.791395e+02
HTRIM,1,SR13J-PC-HSTR-11:I,SR13J-PC-HSTR-11:SETI,13,3,29,2.821236e+02
HTRIM,1,SR13J-PC-HSTR-12:I,SR13J-PC-HSTR-12:SETI,13,4,30,2.852753e+02
HTRIM,0,SR15I-PC-HSTR-11:I,SR15I-PC-HSTR-11:SETI,15,1,31,3.267300e+02
HTRIM,0,SR15I-PC-HSTR-12:I,SR15I-PC-HSTR-12:SETI,15,2,32,3.284700e+02
HTRIM,1,SR16I-PC-HSTR-11:I,SR16I-PC-HSTR-11:SETI,16,1,33,3.491280e+02
HTRIM,1,SR16I-PC-HSTR-12:I,SR16I-PC-HSTR-12:SETI,16,2,34,3.513720e+02
HTRIM,1,SR18I-PC-HSTR-11:I,SR18I-PC-HSTR-11:SETI,18,1,35,3.974280e+02
HTRIM,1,SR18I-PC-HSTR-12:I,SR18I-PC-HSTR-12:SETI,18,2,36,3.996720e+02
HTRIM,1,SR19I-PC-HSTR-11:I,SR19I-PC-HSTR-11:SETI,19,1,37,4.184725e+02
HTRIM,1,SR19I-PC-HSTR-12:I,SR19I-PC-HSTR-12:SETI,19,2,38,4.239275e+02
HTRIM,1,SR20I-PC-HSTR-11:I,SR20I-PC-HSTR-11:SETI,20,1,39,4.423650e+02
HTRIM,1,SR20I-PC-HSTR-12:I,SR20I-PC-HSTR-12:SETI,20,2,40,4.450270e+02
HTRIM,1,SR20J-PC-HSTR-11:I,SR20J-PC-HSTR-11:SETI,20,3,41,4.450270e+02
HTRIM,1,SR20J-PC-HSTR-12:I,SR20J-PC-HSTR-12:SETI,20,4,42,4.470183e+02
HTRIM,1,SR22I-PC-HSTR-11:I,SR22I-PC-HSTR-11:SETI,22,1,43,4.894225e+02
HTRIM,1,SR22I-PC-HSTR-12:I,SR22I-PC-HSTR-12:SETI,22,2,44,4.948775e+02
HTRIM,1,SR24I-PC-HSTR-11:I,SR24I-PC-HSTR-11:SETI,24,1,45,5.347225e+02
HTRIM,1,SR24I-PC-HSTR-12:I,SR24I-PC-HSTR-12:SETI,24,2,46,5.401775e+02
VTRIM,1,SR02I-PC-VSTR-11:I,SR02I-PC-VSTR-11:SETI,2,1,1,2.302250e+01
VTRIM,1,SR02I-PC-VSTR-12:I,SR02I-PC-VSTR-12:SETI,2,2,2,2.527750e+01
VTRIM,1,SR03I-PC-VSTR-11:I,SR03I-PC-VSTR-11:SETI,3,1,3,4.567350e+01
VTRIM,1,SR03I-PC-VSTR-12:I,SR03I-PC-VSTR-12:SETI,3,2,4,4.792650e+01
VTRIM,1,SR04I-PC-VSTR-11:I,SR04I-PC-VSTR-11:SETI,4,1,5,6.832250e+01
VTRIM,1,SR04I-PC-VSTR-12:I,SR04I-PC-VSTR-12:SETI,4,2,6,7.057750e+01
VTRIM,1,SR04J-PC-VSTR-11:I,SR04J-PC-VSTR-11:SETI,4,3,7,7.103150e+01
VTRIM,1,SR04J-PC-VSTR-12:I,SR04J-PC-VSTR-12:SETI,4,4,8,7.163850e+01
VTRIM,1,SR06I-PC-VSTR-21:I,SR06I-PC-VSTR-21:SETI,6,1,9,1.150225e+02
VTRIM,1,SR06I-PC-VSTR-22:I,SR06I-PC-VSTR-22:SETI,6,2,10,1.176000e+02
VTRIM,1,SR06I-PC-VSTR-11:I,SR06I-PC-VSTR-11:SETI,6,3,11,1.179828e+02
VTRIM,1,SR06I-PC-VSTR-12:I,SR06I-PC-VSTR-12:SETI,6,4,12,1.203948e+02
VTRIM,1,SR07I-PC-VSTR-11:I,SR07I-PC-VSTR-11:SETI,7,1,13,1.392725e+02
VTRIM,1,SR07I-PC-VSTR-12:I,SR07I-PC-VSTR-12:SETI,7,2,14,1.415275e+02
VTRIM,1,SR09I-PC-VSTR-11:I,SR09I-PC-VSTR-11:SETI,9,1,15,1.828335e+02
VTRIM,1,SR09I-PC-VSTR-12:I,SR09I-PC-VSTR-12:SETI,9,2,16,1.855395e+02
VTRIM,1,SR09J-PC-VSTR-11:I,SR09J-PC-VSTR-11:SETI,9,3,17,1.885232e+02
VTRIM,1,SR09J-PC-VSTR-12:I,SR09J-PC-VSTR-12:SETI,9,4,18,1.916753e+02
VTRIM,1,SR10I-PC-VSTR-21:I,SR10I-PC-VSTR-21:SETI,10,1,19,2.091830e+02
VTRIM,1,SR10I-PC-VSTR-22:I,SR10I-PC-VSTR-22:SETI,10,2,20,2.110530e+02
VTRIM,1,SR10I-PC-VSTR-11:I,SR10I-PC-VSTR-11:SETI,10,3,21,2.116470e+02
VTRIM,1,SR10I-PC-VSTR-12:I,SR10I-PC-VSTR-12:SETI,10,4,22,2.135170e+02
VTRIM,1,SR11I-PC-VSTR-11:I,SR11I-PC-VSTR-11:SETI,11,1,23,2.312725e+02
VTRIM,1,SR11I-PC-VSTR-12:I,SR11I-PC-VSTR-12:SETI,11,2,24,2.367275e+02
VTRIM,1,SR12I-PC-VSTR-11:I,SR12I-PC-VSTR-11:SETI,12,1,25,2.559250e+02
VTRIM,1,SR12I-PC-VSTR-12:I,SR12I-PC-VSTR-12:SETI,12,2,26,2.573750e+02
VTRIM,1,SR13I-PC-VSTR-11:I,SR13I-PC-VSTR-11:SETI,13,1,27,2.764335e+02
VTRIM,1,SR13I-PC-VSTR-12:I,SR13I-PC-VSTR-12:SETI,13,2,28,2.791395e+02
VTRIM,1,SR13J-PC-VSTR-11:I,SR13J-PC-VSTR-11:SETI,13,3,29,2.821236e+02
VTRIM,1,SR13J-PC-VSTR-12:I,SR13J-PC-VSTR-12:SETI,13,4,30,2.852753e+02
VTRIM,0,SR15I-PC-VSTR-11:I,SR15I-PC-VSTR-11:SETI,15,1,31,3.267300e+02
VTRIM,0,SR15I-PC-VSTR-12:I,SR15I-PC-VSTR-12:SETI,15,2,32,3.284700e+02
VTRIM,1,SR16I-PC-VSTR-11:I,SR16I-PC-VSTR-11:SETI,16,1,33,3.491280e+02
VTRIM,1,SR16I-PC-VSTR-12:I,SR16I-PC-VSTR-12:SETI,16,2,34,3.513720e+02
VTRIM,1,SR18I-PC-VSTR-11:I,SR18I-PC-VSTR-11:SETI,18,1,35,3.974280e+02
VTRIM,1,SR18I-PC-VSTR-12:I,SR18I-PC-VSTR-12:SETI,18,2,36,3.996720e+02
VTRIM,1,SR19I-PC-VSTR-11:I,SR19I-PC-VSTR-11:SETI,19,1,37,4.184725e+02
VTRIM,1,SR19I-PC-VSTR-12:I,SR19I-PC-VSTR-12:SETI,19,2,38,4.239275e+02
VTRIM,1,SR20I-PC-VSTR-11:I,SR20I-PC-VSTR-11:SETI,20,1,39,4.423650e+02
VTRIM,1,SR20I-PC-VSTR-12:I,SR20I-PC-VSTR-12:SETI,20,2,40,4.450270e+02
VTRIM,1,SR20J-PC-VSTR-11:I,SR20J-PC-VSTR-11:SETI,20,3,41,4.450270e+02
VTRIM,1,SR20J-PC-VSTR-12:I,SR20J-PC-VSTR-12:SETI,20,4,42,4.470183e+02
VTRIM,1,SR22I-PC-VSTR-11:I,SR22I-PC-VSTR-11:SETI,22,1,43,4.894225e+02
VTRIM,1,SR22I-PC-VSTR-12:I,SR22I-PC-VSTR-12:SETI,22,2,44,4.948775e+02
VTRIM,1,SR24I-PC-VSTR-11:I,SR24I-PC-VSTR-11:SETI,24,1,45,5.347225e+02
VTRIM,1,SR24I-PC-VSTR-12:I,SR24I-PC-VSTR-12:SETI,24,2,46,5.401775e+02
CHIC,1,SR02I-PC-CHIC-01:I,SR02I-PC-CHIC-01:SETI,2,1,1,2.254200e+01
CHIC,1,SR02I-PC-CHIC-02:I,SR02I-PC-CHIC-02:SETI,2,2,2,2.553150e+01
CHIC,1,SR02I-PC-CHIC-03:I,SR02I-PC-CHIC-03:SETI,2,3,3,2.653850e+01
CHIC,1,SR03I-PC-CHIC-01:I,SR03I-PC-CHIC-01:SETI,3,1,4,4.519200e+01
CHIC,1,SR03I-PC-CHIC-02:I,SR03I-PC-CHIC-02:SETI,3,2,5,4.818150e+01
CHIC,1,SR03I-PC-CHIC-03:I,SR03I-PC-CHIC-03:SETI,3,3,6,4.918850e+01
CHIC,1,SR04I-PC-CHIC-01:I,SR04I-PC-CHIC-01:SETI,4,1,7,6.784200e+01
CHIC,1,SR04I-PC-CHIC-02:I,SR04I-PC-CHIC-02:SETI,4,2,8,7.083150e+01
CHIC,1,SR04I-PC-CHIC-03:I,SR04I-PC-CHIC-03:SETI,4,3,9,7.183850e+01
CHIC,1,SR07I-PC-CHIC-01:I,SR07I-PC-CHIC-01:SETI,7,1,10,1.387920e+02
CHIC,1,SR07I-PC-CHIC-02:I,SR07I-PC-CHIC-02:SETI,7,2,11,1.417815e+02
CHIC,1,SR07I-PC-CHIC-03:I,SR07I-PC-CHIC-03:SETI,7,3,12,1.427885e+02
CHIC,1,SR08A-PC-CHIC-01:I,SR08A-PC-CHIC-01:SETI,9,1,13,1.823227e+02
CHIC,1,SR09S-PC-CHIC-02:I,SR09S-PC-CHIC-02:SETI,9,2,14,1.865637e+02
CHIC,1,SR09A-PC-CHIC-03:I,SR09A-PC-CHIC-03:SETI,9,3,15,1.921837e+02
CHIC,1,SR09A-PC-FCHIC-01:I,SR09A-PC-FCHIC-01:SETI,10,1,16,2.076164e+02
CHIC,1,SR09A-PC-FCHIC-02:I,SR09A-PC-FCHIC-02:SETI,10,2,17,2.084440e+02
CHIC,1,SR10S-PC-FCHIC-03:I,SR10S-PC-FCHIC-03:SETI,10,3,18,2.113500e+02
CHIC,1,SR10S-PC-FCHIC-04:I,SR10S-PC-FCHIC-04:SETI,10,4,19,2.142560e+02
CHIC,1,SR10S-PC-FCHIC-05:I,SR10S-PC-FCHIC-05:SETI,10,5,20,2.150836e+02
CHIC,1,SR12A-PC-CHIC-01:I,SR12A-PC-CHIC-01:SETI,13,1,21,2.759227e+02
CHIC,1,SR13S-PC-CHIC-02:I,SR13S-PC-CHIC-02:SETI,13,2,22,2.801637e+02
CHIC,1,SR13A-PC-CHIC-03:I,SR13A-PC-CHIC-03:SETI,13,3,23,2.857837e+02
CHIC,1,SR20I-PC-CHIC-01:I,SR20I-PC-CHIC-01:SETI,20,1,24,4.412990e+02
CHIC,1,SR20I-PC-CHIC-02:I,SR20I-PC-CHIC-02:SETI,20,2,25,4.452490e+02
CHIC,1,SR20I-PC-CHIC-03:I,SR20I-PC-CHIC-03:SETI,20,3,26,4.462965e+02
Q1D,1,SR01A-PC-Q1D-01:I,SR01A-PC-Q1D-01:SETI,1,1,1,5.668300e+00
Q1D,1,SR04A-PC-Q1D-10:I,SR04A-PC-Q1D-10:SETI,4,10,2,8.752530e+01
Q1D,1,SR05A-PC-Q1D-01:I,SR05A-PC-Q1D-01:SETI,5,1,3,9.926830e+01
Q1D,1,SR08A-PC-Q1D-10:I,SR08A-PC-Q1D-10:SETI,8,10,4,1.811253e+02
Q1D,1,SR09A-PC-Q1D-01:I,SR09A-PC-Q1D-01:SETI,9,1,5,1.928683e+02
Q1D,1,SR12A-PC-Q1D-10:I,SR12A-PC-Q1D-10:SETI,12,10,6,2.747253e+02
Q1D,1,SR13A-PC-Q1D-01:I,SR13A-PC-Q1D-01:SETI,13,1,7,2.864683e+02
Q1D,1,SR16A-PC-Q1D-10:I,SR16A-PC-Q1D-10:SETI,16,10,8,3.683253e+02
Q1D,1,SR17A-PC-Q1D-01:I,SR17A-PC-Q1D-01:SETI,17,1,9,3.800683e+02
Q1D,1,SR20A-PC-Q1D-10:I,SR20A-PC-Q1D-10:SETI,20,10,10,4.619253e+02
Q1D,1,SR21A-PC-Q1D-01:I,SR21A-PC-Q1D-01:SETI,21,1,11,4.736683e+02
Q1D,1,SR24A-PC-Q1D-10:I,SR24A-PC-Q1D-10:SETI,24,10,12,5.555253e+02
Q2D,1,SR01A-PC-Q2D-02:I,SR01A-PC-Q2D-02:SETI,1,2,1,6.753350e+00
Q2D,1,SR04A-PC-Q2D-09:I,SR04A-PC-Q2D-09:SETI,4,9,2,8.624035e+01
Q2D,1,SR05A-PC-Q2D-02:I,SR05A-PC-Q2D-02:SETI,5,2,3,1.003533e+02
Q2D,1,SR08A-PC-Q2D-09:I,SR08A-PC-Q2D-09:SETI,8,9,4,1.798403e+02
Q2D,1,SR09A-PC-Q2D-02:I,SR09A-PC-Q2D-02:SETI,9,2,5,1.939533e+02
Q2D,1,SR12A-PC-Q2D-09:I,SR12A-PC-Q2D-09:SETI,12,9,6,2.734403e+02
Q2D,1,SR13A-PC-Q2D-02:I,SR13A-PC-Q2D-02:SETI,13,2,7,2.875533e+02
Q2D,1,SR16A-PC-Q2D-09:I,SR16A-PC-Q2D-09:SETI,16,9,8,3.670403e+02
Q2D,1,SR17A-PC-Q2D-02:I,SR17A-PC-Q2D-02:SETI,17,2,9,3.811533e+02
Q2D,1,SR20A-PC-Q2D-09:I,SR20A-PC-Q2D-09:SETI,20,9,10,4.606403e+02
Q2D,1,SR21A-PC-Q2D-02:I,SR21A-PC-Q2D-02:SETI,21,2,11,4.747533e+02
Q2D,1,SR24A-PC-Q2D-09:I,SR24A-PC-Q2D-09:SETI,24,9,12,5.542403e+02
Q3D,1,SR01A-PC-Q3D-03:I,SR01A-PC-Q3D-03:SETI,1,3,1,7.818000e+00
Q3D,1,SR04A-PC-Q3D-08:I,SR04A-PC-Q3D-08:SETI,4,8,2,8.547500e+01
Q3D,1,SR05A-PC-Q3D-03:I,SR05A-PC-Q3D-03:SETI,5,3,3,1.014180e+02
Q3D,1,SR08A-PC-Q3D-08:I,SR08A-PC-Q3D-08:SETI,8,8,4,1.790750e+02
Q3D,1,SR09A-PC-Q3D-03:I,SR09A-PC-Q3D-03:SETI,9,3,5,1.950180e+02
Q3D,1,SR12A-PC-Q3D-08:I,SR12A-PC-Q3D-08:SETI,12,8,6,2.726750e+02
Q3D,1,SR13A-PC-Q3D-03:I,SR13A-PC-Q3D-03:SETI,13,3,7,2.886180e+02
Q3D,1,SR16A-PC-Q3D-08:I,SR16A-PC-Q3D-08:SETI,16,8,8,3.662750e+02
Q3D,1,SR17A-PC-Q3D-03:I,SR17A-PC-Q3D-03:SETI,17,3,9,3.822180e+02
Q3D,1,SR20A-PC-Q3D-08:I,SR20A-PC-Q3D-08:SETI,20,8,10,4.598750e+02
Q3D,1,SR21A-PC-Q3D-03:I,SR21A-PC-Q3D-03:SETI,21,3,11,4.758180e+02
Q3D,1,SR24A-PC-Q3D-08:I,SR24A-PC-Q3D-08:SETI,24,8,12,5.534750e+02
Q2AD,1,SR01A-PC-Q2AD-04:I,SR01A-PC-Q2AD-04:SETI,1,4,1,1.080930e+01
Q2AD,1,SR04A-PC-Q2AD-07:I,SR04A-PC-Q2AD-07:SETI,4,7,2,8.238430e+01
Q2AD,1,SR05A-PC-Q2AD-04:I,SR05A-PC-Q2AD-04:SETI,5,4,3,1.044093e+02
Q2AD,1,SR08A-PC-Q2AD-07:I,SR08A-PC-Q2AD-07:SETI,8,7,4,1.759843e+02
Q2AD,1,SR09A-PC-Q2AD-04:I,SR09A-PC-Q2AD-04:SETI,9,4,5,1.980093e+02
Q2AD,1,SR12A-PC-Q2AD-07:I,SR12A-PC-Q2AD-07:SETI,12,7,6,2.695843e+02
Q2AD,1,SR13A-PC-Q2AD-04:I,SR13A-PC-Q2AD-04:SETI,13,4,7,2.916093e+02
Q2AD,1,SR16A-PC-Q2AD-07:I,SR16A-PC-Q2AD-07:SETI,16,7,8,3.631843e+02
Q2AD,1,SR17A-PC-Q2AD-04:I,SR17A-PC-Q2AD-04:SETI,17,4,9,3.852093e+02
Q2AD,1,SR20A-PC-Q2AD-07:I,SR20A-PC-Q2AD-07:SETI,20,7,10,4.567843e+02
Q2AD,1,SR21A-PC-Q2AD-04:I,SR21A-PC-Q2AD-04:SETI,21,4,11,4.788093e+02
Q2AD,1,SR24A-PC-Q2AD-07:I,SR24A-PC-Q2AD-07:SETI,24,7,12,5.503843e+02
Q1AD,1,SR01A-PC-Q1AD-05:I,SR01A-PC-Q1AD-05:SETI,1,5,1,1.203270e+01
Q1AD,1,SR04A-PC-Q1AD-06:I,SR04A-PC-Q1AD-06:SETI,4,6,2,8.115970e+01
Q1AD,1,SR05A-PC-Q1AD-05:I,SR05A-PC-Q1AD-05:SETI,5,5,3,1.056327e+02
Q1AD,1,SR08A-PC-Q1AD-06:I,SR08A-PC-Q1AD-06:SETI,8,6,4,1.747597e+02
Q1AD,1,SR09A-PC-Q1AD-05:I,SR09A-PC-Q1AD-05:SETI,9,5,5,1.992327e+02
Q1AD,1,SR12A-PC-Q1AD-06:I,SR12A-PC-Q1AD-06:SETI,12,6,6,2.683597e+02
Q1AD,1,SR13A-PC-Q1AD-05:I,SR13A-PC-Q1AD-05:SETI,13,5,7,2.928327e+02
Q1AD,1,SR16A-PC-Q1AD-06:I,SR16A-PC-Q1AD-06:SETI,16,6,8,3.619597e+02
Q1AD,1,SR17A-PC-Q1AD-05:I,SR17A-PC-Q1AD-05:SETI,17,5,9,3.864327e+02
Q1AD,1,SR20A-PC-Q1AD-06:I,SR20A-PC-Q1AD-06:SETI,20,6,10,4.555597e+02
Q1AD,1,SR21A-PC-Q1AD-05:I,SR21A-PC-Q1AD-05:SETI,21,5,11,4.800327e+02
Q1AD,1,SR24A-PC-Q1AD-06:I,SR24A-PC-Q1AD-06:SETI,24,6,12,5.491597e+02
Q1AB,1,SR01A-PC-Q1AB-06:I,SR01A-PC-Q1AB-06:SETI,1,6,1,1.320970e+01
Q1AB,1,SR02A-PC-Q1AB-05:I,SR02A-PC-Q1AB-05:SETI,2,5,2,3.468270e+01
Q1AB,1,SR02A-PC-Q1AB-06:I,SR02A-PC-Q1AB-06:SETI,2,6,3,3.585970e+01
Q1AB,1,SR03A-PC-Q1AB-05:I,SR03A-PC-Q1AB-05:SETI,3,5,4,5.733270e+01
Q1AB,1,SR03A-PC-Q1AB-06:I,SR03A-PC-Q1AB-06:SETI,3,6,5,5.850970e+01
Q1AB,1,SR04A-PC-Q1AB-05:I,SR04A-PC-Q1AB-05:SETI,4,5,6,7.998270e+01
Q1AB,1,SR05A-PC-Q1AB-06:I,SR05A-PC-Q1AB-06:SETI,5,6,7,1.068097e+02
Q1AB,1,SR06A-PC-Q1AB-05:I,SR06A-PC-Q1AB-05:SETI,6,5,8,1.282827e+02
Q1AB,1,SR06A-PC-Q1AB-06:I,SR06A-PC-Q1AB-06:SETI,6,6,9,1.294597e+02
Q1AB,1,SR07A-PC-Q1AB-05:I,SR07A-PC-Q1AB-05:SETI,7,5,10,1.509327e+02
Q1AB,1,SR07A-PC-Q1AB-06:I,SR07A-PC-Q1AB-06:SETI,7,6,11,1.521097e+02
Q1AB,1,SR08A-PC-Q1AB-05:I,SR08A-PC-Q1AB-05:SETI,8,5,12,1.735827e+02
Q1AB,1,SR09A-PC-Q1AB-06:I,SR09A-PC-Q1AB-06:SETI,9,6,13,2.004097e+02
Q1AB,1,SR10A-PC-Q1AB-05:I,SR10A-PC-Q1AB-05:SETI,10,5,14,2.218827e+02
Q1AB,1,SR10A-PC-Q1AB-06:I,SR10A-PC-Q1AB-06:SETI,10,6,15,2.230597e+02
Q1AB,1,SR11A-PC-Q1AB-05:I,SR11A-PC-Q1AB-05:SETI,11,5,16,2.445327e+02
Q1AB,1,SR11A-PC-Q1AB-06:I,SR11A-PC-Q1AB-06:SETI,11,6,17,2.457097e+02
Q1AB,1,SR12A-PC-Q1AB-05:I,SR12A-PC-Q1AB-05:SETI,12,5,18,2.671827e+02
Q1AB,1,SR13A-PC-Q1AB-06:I,SR13A-PC-Q1AB-06:SETI,13,6,19,2.940097e+02
Q1AB,1,SR14A-PC-Q1AB-05:I,SR14A-PC-Q1AB-05:SETI,14,5,20,3.154827e+02
Q1AB,1,SR14A-PC-Q1AB-06:I,SR14A-PC-Q1AB-06:SETI,14,6,21,3.166597e+02
Q1AB,1,SR15A-PC-Q1AB-05:I,SR15A-PC-Q1AB-05:SETI,15,5,22,3.381327e+02
Q1AB,1,SR15A-PC-Q1AB-06:I,SR15A-PC-Q1AB-06:SETI,15,6,23,3.393097e+02
Q1AB,1,SR16A-PC-Q1AB-05:I,SR16A-PC-Q1AB-05:SETI,16,5,24,3.607827e+02
Q1AB,1,SR17A-PC-Q1AB-06:I,SR17A-PC-Q1AB-06:SETI,17,6,25,3.876097e+02
Q1AB,1,SR18A-PC-Q1AB-05:I,SR18A-PC-Q1AB-05:SETI,18,5,26,4.090827e+02
Q1AB,1,SR18A-PC-Q1AB-06:I,SR18A-PC-Q1AB-06:SETI,18,6,27,4.102597e+02
Q1AB,1,SR19A-PC-Q1AB-05:I,SR19A-PC-Q1AB-05:SETI,19,5,28,4.317327e+02
Q1AB,1,SR19A-PC-Q1AB-06:I,SR19A-PC-Q1AB-06:SETI,19,6,29,4.329097e+02
Q1AB,1,SR20A-PC-Q1AB-05:I,SR20A-PC-Q1AB-05:SETI,20,5,30,4.543827e+02
Q1AB,1,SR21A-PC-Q1AB-06:I,SR21A-PC-Q1AB-06:SETI,21,6,31,4.812097e+02
Q1AB,1,SR22A-PC-Q1AB-05:I,SR22A-PC-Q1AB-05:SETI,22,5,32,5.026827e+02
Q1AB,1,SR22A-PC-Q1AB-06:I,SR22A-PC-Q1AB-06:SETI,22,6,33,5.038597e+02
Q1AB,1,SR23A-PC-Q1AB-05:I,SR23A-PC-Q1AB-05:SETI,23,5,34,5.253327e+02
Q1AB,1,SR23A-PC-Q1AB-06:I,SR23A-PC-Q1AB-06:SETI,23,6,35,5.265097e+02
Q1AB,1,SR24A-PC-Q1AB-05:I,SR24A-PC-Q1AB-05:SETI,24,5,36,5.479827e+02
Q2AB,1,SR01A-PC-Q2AB-07:I,SR01A-PC-Q2AB-07:SETI,1,7,1,1.443430e+01
Q2AB,1,SR02A-PC-Q2AB-04:I,SR02A-PC-Q2AB-04:SETI,2,4,2,3.345930e+01
Q2AB,1,SR02A-PC-Q2AB-07:I,SR02A-PC-Q2AB-07:SETI,2,7,3,3.708430e+01
Q2AB,1,SR03A-PC-Q2AB-04:I,SR03A-PC-Q2AB-04:SETI,3,4,4,5.610930e+01
Q2AB,1,SR03A-PC-Q2AB-07:I,SR03A-PC-Q2AB-07:SETI,3,7,5,5.973430e+01
Q2AB,1,SR04A-PC-Q2AB-04:I,SR04A-PC-Q2AB-04:SETI,4,4,6,7.875930e+01
Q2AB,1,SR05A-PC-Q2AB-07:I,SR05A-PC-Q2AB-07:SETI,5,7,7,1.080343e+02
Q2AB,1,SR06A-PC-Q2AB-04:I,SR06A-PC-Q2AB-04:SETI,6,4,8,1.270593e+02
Q2AB,1,SR06A-PC-Q2AB-07:I,SR06A-PC-Q2AB-07:SETI,6,7,9,1.306843e+02
Q2AB,1,SR07A-PC-Q2AB-04:I,SR07A-PC-Q2AB-04:SETI,7,4,10,1.497093e+02
Q2AB,1,SR07A-PC-Q2AB-07:I,SR07A-PC-Q2AB-07:SETI,7,7,11,1.533343e+02
Q2AB,1,SR08A-PC-Q2AB-04:I,SR08A-PC-Q2AB-04:SETI,8,4,12,1.723593e+02
Q2AB,1,SR09A-PC-Q2AB-07:I,SR09A-PC-Q2AB-07:SETI,9,7,13,2.016343e+02
Q2AB,1,SR10A-PC-Q2AB-04:I,SR10A-PC-Q2AB-04:SETI,10,4,14,2.206593e+02
Q2AB,1,SR10A-PC-Q2AB-07:I,SR10A-PC-Q2AB-07:SETI,10,7,15,2.242843e+02
Q2AB,1,SR11A-PC-Q2AB-04:I,SR11A-PC-Q2AB-04:SETI,11,4,16,2.433093e+02
Q2AB,1,SR11A-PC-Q2AB-07:I,SR11A-PC-Q2AB-07:SETI,11,7,17,2.469343e+02
Q2AB,1,SR12A-PC-Q2AB-04:I,SR12A-PC-Q2AB-04:SETI,12,4,18,2.659593e+02
Q2AB,1,SR13A-PC-Q2AB-07:I,SR13A-PC-Q2AB-07:SETI,13,7,19,2.952343e+02
Q2AB,1,SR14A-PC-Q2AB-04:I,SR14A-PC-Q2AB-04:SETI,14,4,20,3.142593e+02
Q2AB,1,SR14A-PC-Q2AB-07:I,SR14A-PC-Q2AB-07:SETI,14,7,21,3.178843e+02
Q2AB,1,SR15A-PC-Q2AB-04:I,SR15A-PC-Q2AB-04:SETI,15,4,22,3.369093e+02
Q2AB,1,SR15A-PC-Q2AB-07:I,SR15A-PC-Q2AB-07:SETI,15,7,23,3.405343e+02
Q2AB,1,SR16A-PC-Q2AB-04:I,SR16A-PC-Q2AB-04:SETI,16,4,24,3.595593e+02
Q2AB,1,SR17A-PC-Q2AB-07:I,SR17A-PC-Q2AB-07:SETI,17,7,25,3.888343e+02
Q2AB,1,SR18A-PC-Q2AB-04:I,SR18A-PC-Q2AB-04:SETI,18,4,26,4.078593e+02
Q2AB,1,SR18A-PC-Q2AB-07:I,SR18A-PC-Q2AB-07:SETI,18,7,27,4.114843e+02
Q2AB,1,SR19A-PC-Q2AB-04:I,SR19A-PC-Q2AB-04:SETI,19,4,28,4.305093e+02
Q2AB,1,SR19A-PC-Q2AB-07:I,SR19A-PC-Q2AB-07:SETI,19,7,29,4.341343e+02
Q2AB,1,SR20A-PC-Q2AB-04:I,SR20A-PC-Q2AB-04:SETI,20,4,30,4.531593e+02
Q2AB,1,SR21A-PC-Q2AB-07:I,SR21A-PC-Q2AB-07:SETI,21,7,31,4.824343e+02
Q2AB,1,SR22A-PC-Q2AB-04:I,SR22A-PC-Q2AB-04:SETI,22,4,32,5.014593e+02
Q2AB,1,SR22A-PC-Q2AB-07:I,SR22A-PC-Q2AB-07:SETI,22,7,33,5.050843e+02
Q2AB,1,SR23A-PC-Q2AB-04:I,SR23A-PC-Q2AB-04:SETI,23,4,34,5.241093e+02
Q2AB,1,SR23A-PC-Q2AB-07:I,SR23A-PC-Q2AB-07:SETI,23,7,35,5.277343e+02
Q2AB,1,SR24A-PC-Q2AB-04:I,SR24A-PC-Q2AB-04:SETI,24,4,36,5.467593e+02
Q3B,1,SR01A-PC-Q3B-08:I,SR01A-PC-Q3B-08:SETI,1,8,1,1.752500e+01
Q3B,1,SR02A-PC-Q3B-03:I,SR02A-PC-Q3B-03:SETI,2,3,2,3.046800e+01
Q3B,1,SR02A-PC-Q3B-08:I,SR02A-PC-Q3B-08:SETI,2,8,3,4.017500e+01
Q3B,1,SR03A-PC-Q3B-03:I,SR03A-PC-Q3B-03:SETI,3,3,4,5.311800e+01
Q3B,1,SR03A-PC-Q3B-08:I,SR03A-PC-Q3B-08:SETI,3,8,5,6.282500e+01
Q3B,1,SR04A-PC-Q3B-03:I,SR04A-PC-Q3B-03:SETI,4,3,6,7.576800e+01
Q3B,1,SR05A-PC-Q3B-08:I,SR05A-PC-Q3B-08:SETI,5,8,7,1.111250e+02
Q3B,1,SR06A-PC-Q3B-03:I,SR06A-PC-Q3B-03:SETI,6,3,8,1.240680e+02
Q3B,1,SR06A-PC-Q3B-08:I,SR06A-PC-Q3B-08:SETI,6,8,9,1.337750e+02
Q3B,1,SR07A-PC-Q3B-03:I,SR07A-PC-Q3B-03:SETI,7,3,10,1.467180e+02
Q3B,1,SR07A-PC-Q3B-08:I,SR07A-PC-Q3B-08:SETI,7,8,11,1.564250e+02
Q3B,1,SR08A-PC-Q3B-03:I,SR08A-PC-Q3B-03:SETI,8,3,12,1.693680e+02
Q3B,1,SR09A-PC-Q3B-08:I,SR09A-PC-Q3B-08:SETI,9,8,13,2.047250e+02
Q3B,1,SR10A-PC-Q3B-03:I,SR10A-PC-Q3B-03:SETI,10,3,14,2.176680e+02
Q3B,1,SR10A-PC-Q3B-08:I,SR10A-PC-Q3B-08:SETI,10,8,15,2.273750e+02
Q3B,1,SR11A-PC-Q3B-03:I,SR11A-PC-Q3B-03:SETI,11,3,16,2.403180e+02
Q3B,1,SR11A-PC-Q3B-08:I,SR11A-PC-Q3B-08:SETI,11,8,17,2.500250e+02
Q3B,1,SR12A-PC-Q3B-03:I,SR12A-PC-Q3B-03:SETI,12,3,18,2.629680e+02
Q3B,1,SR13A-PC-Q3B-08:I,SR13A-PC-Q3B-08:SETI,13,8,19,2.983250e+02
Q3B,1,SR14A-PC-Q3B-03:I,SR14A-PC-Q3B-03:SETI,14,3,20,3.112680e+02
Q3B,1,SR14A-PC-Q3B-08:I,SR14A-PC-Q3B-08:SETI,14,8,21,3.209750e+02
Q3B,1,SR15A-PC-Q3B-03:I,SR15A-PC-Q3B-03:SETI,15,3,22,3.339180e+02
Q3B,1,SR15A-PC-Q3B-08:I,SR15A-PC-Q3B-08:SETI,15,8,23,3.436250e+02
Q3B,1,SR16A-PC-Q3B-03:I,SR16A-PC-Q3B-03:SETI,16,3,24,3.565680e+02
Q3B,1,SR17A-PC-Q3B-08:I,SR17A-PC-Q3B-08:SETI,17,8,25,3.919250e+02
Q3B,1,SR18A-PC-Q3B-03:I,SR18A-PC-Q3B-03:SETI,18,3,26,4.048680e+02
Q3B,1,SR18A-PC-Q3B-08:I,SR18A-PC-Q3B-08:SETI,18,8,27,4.145750e+02
Q3B,1,SR19A-PC-Q3B-03:I,SR19A-PC-Q3B-03:SETI,19,3,28,4.275180e+02
Q3B,1,SR19A-PC-Q3B-08:I,SR19A-PC-Q3B-08:SETI,19,8,29,4.372250e+02
Q3B,1,SR20A-PC-Q3B-03:I,SR20A-PC-Q3B-03:SETI,20,3,30,4.501680e+02
Q3B,1,SR21A-PC-Q3B-08:I,SR21A-PC-Q3B-08:SETI,21,8,31,4.855250e+02
Q3B,1,SR22A-PC-Q3B-03:I,SR22A-PC-Q3B-03:SETI,22,3,32,4.984680e+02
Q3B,1,SR22A-PC-Q3B-08:I,SR22A-PC-Q3B-08:SETI,22,8,33,5.081750e+02
Q3B,1,SR23A-PC-Q3B-03:I,SR23A-PC-Q3B-03:SETI,23,3,34,5.211180e+02
Q3B,1,SR23A-PC-Q3B-08:I,SR23A-PC-Q3B-08:SETI,23,8,35,5.308250e+02
Q3B,1,SR24A-PC-Q3B-03:I,SR24A-PC-Q3B-03:SETI,24,3,36,5.437680e+02
Q2B,1,SR01A-PC-Q2B-09:I,SR01A-PC-Q2B-09:SETI,1,9,1,1.829035e+01
Q2B,1,SR02A-PC-Q2B-02:I,SR02A-PC-Q2B-02:SETI,2,2,2,2.940335e+01
Q2B,1,SR02A-PC-Q2B-09:I,SR02A-PC-Q2B-09:SETI,2,9,3,4.094035e+01
Q2B,1,SR03A-PC-Q2B-02:I,SR03A-PC-Q2B-02:SETI,3,2,4,5.205335e+01
Q2B,1,SR03A-PC-Q2B-09:I,SR03A-PC-Q2B-09:SETI,3,9,5,6.359035e+01
Q2B,1,SR04A-PC-Q2B-02:I,SR04A-PC-Q2B-02:SETI,4,2,6,7.470335e+01
Q2B,1,SR05A-PC-Q2B-09:I,SR05A-PC-Q2B-09:SETI,5,9,7,1.118903e+02
Q2B,1,SR06A-PC-Q2B-02:I,SR06A-PC-Q2B-02:SETI,6,2,8,1.230034e+02
Q2B,1,SR06A-PC-Q2B-09:I,SR06A-PC-Q2B-09:SETI,6,9,9,1.345403e+02
Q2B,1,SR07A-PC-Q2B-02:I,SR07A-PC-Q2B-02:SETI,7,2,10,1.456534e+02
Q2B,1,SR07A-PC-Q2B-09:I,SR07A-PC-Q2B-09:SETI,7,9,11,1.571903e+02
Q2B,1,SR08A-PC-Q2B-02:I,SR08A-PC-Q2B-02:SETI,8,2,12,1.683033e+02
Q2B,1,SR09A-PC-Q2B-09:I,SR09A-PC-Q2B-09:SETI,9,9,13,2.054903e+02
Q2B,1,SR10A-PC-Q2B-02:I,SR10A-PC-Q2B-02:SETI,10,2,14,2.166033e+02
Q2B,1,SR10A-PC-Q2B-09:I,SR10A-PC-Q2B-09:SETI,10,9,15,2.281403e+02
Q2B,1,SR11A-PC-Q2B-02:I,SR11A-PC-Q2B-02:SETI,11,2,16,2.392533e+02
Q2B,1,SR11A-PC-Q2B-09:I,SR11A-PC-Q2B-09:SETI,11,9,17,2.507903e+02
Q2B,1,SR12A-PC-Q2B-02:I,SR12A-PC-Q2B-02:SETI,12,2,18,2.619033e+02
Q2B,1,SR13A-PC-Q2B-09:I,SR13A-PC-Q2B-09:SETI,13,9,19,2.990903e+02
Q2B,1,SR14A-PC-Q2B-02:I,SR14A-PC-Q2B-02:SETI,14,2,20,3.102033e+02
Q2B,1,SR14A-PC-Q2B-09:I,SR14A-PC-Q2B-09:SETI,14,9,21,3.217403e+02
Q2B,1,SR15A-PC-Q2B-02:I,SR15A-PC-Q2B-02:SETI,15,2,22,3.328533e+02
Q2B,1,SR15A-PC-Q2B-09:I,SR15A-PC-Q2B-09:SETI,15,9,23,3.443903e+02
Q2B,1,SR16A-PC-Q2B-02:I,SR16A-PC-Q2B-02:SETI,16,2,24,3.555033e+02
Q2B,1,SR17A-PC-Q2B-09:I,SR17A-PC-Q2B-09:SETI,17,9,25,3.926903e+02
Q2B,1,SR18A-PC-Q2B-02:I,SR18A-PC-Q2B-02:SETI,18,2,26,4.038033e+02
Q2B,1,SR18A-PC-Q2B-09:I,SR18A-PC-Q2B-09:SETI,18,9,27,4.153403e+02
Q2B,1,SR19A-PC-Q2B-02:I,SR19A-PC-Q2B-02:SETI,19,2,28,4.264533e+02
Q2B,1,SR19A-PC-Q2B-09:I,SR19A-PC-Q2B-09:SETI,19,9,29,4.379903e+02
Q2B,1,SR20A-PC-Q2B-02:I,SR20A-PC-Q2B-02:SETI,20,2,30,4.491033e+02
Q2B,1,SR21A-PC-Q2B-09:I,SR21A-PC-Q2B-09:SETI,21,9,31,4.862903e+02
Q2B,1,SR22A-PC-Q2B-02:I,SR22A-PC-Q2B-02:SETI,22,2,32,4.974033e+02
Q2B,1,SR22A-PC-Q2B-09:I,SR22A-PC-Q2B-09:SETI,22,9,33,5.089403e+02
Q2B,1,SR23A-PC-Q2B-02:I,SR23A-PC-Q2B-02:SETI,23,2,34,5.200533e+02
Q2B,1,SR23A-PC-Q2B-09:I,SR23A-PC-Q2B-09:SETI,23,9,35,5.315903e+02
Q2B,1,SR24A-PC-Q2B-02:I,SR24A-PC-Q2B-02:SETI,24,2,36,5.427033e+02
Q1B,1,SR01A-PC-Q1B-10:I,SR01A-PC-Q1B-10:SETI,1,10,1,1.957530e+01
Q1B,1,SR02A-PC-Q1B-01:I,SR02A-PC-Q1B-01:SETI,2,1,2,2.831830e+01
Q1B,1,SR02A-PC-Q1B-10:I,SR02A-PC-Q1B-10:SETI,2,10,3,4.222530e+01
Q1B,1,SR03A-PC-Q1B-01:I,SR03A-PC-Q1B-01:SETI,3,1,4,5.096830e+01
Q1B,1,SR03A-PC-Q1B-10:I,SR03A-PC-Q1B-10:SETI,3,10,5,6.487530e+01
Q1B,1,SR04A-PC-Q1B-01:I,SR04A-PC-Q1B-01:SETI,4,1,6,7.361830e+01
Q1B,1,SR05A-PC-Q1B-10:I,SR05A-PC-Q1B-10:SETI,5,10,7,1.131753e+02
Q1B,1,SR06A-PC-Q1B-01:I,SR06A-PC-Q1B-01:SETI,6,1,8,1.219183e+02
Q1B,1,SR06A-PC-Q1B-10:I,SR06A-PC-Q1B-10:SETI,6,10,9,1.358253e+02
Q1B,1,SR07A-PC-Q1B-01:I,SR07A-PC-Q1B-01:SETI,7,1,10,1.445683e+02
Q1B,1,SR07A-PC-Q1B-10:I,SR07A-PC-Q1B-10:SETI,7,10,11,1.584753e+02
Q1B,1,SR08A-PC-Q1B-01:I,SR08A-PC-Q1B-01:SETI,8,1,12,1.672183e+02
Q1B,1,SR09A-PC-Q1B-10:I,SR09A-PC-Q1B-10:SETI,9,10,13,2.067753e+02
Q1B,1,SR10A-PC-Q1B-01:I,SR10A-PC-Q1B-01:SETI,10,1,14,2.155183e+02
Q1B,1,SR10A-PC-Q1B-10:I,SR10A-PC-Q1B-10:SETI,10,10,15,2.294253e+02
Q1B,1,SR11A-PC-Q1B-01:I,SR11A-PC-Q1B-01:SETI,11,1,16,2.381683e+02
Q1B,1,SR11A-PC-Q1B-10:I,SR11A-PC-Q1B-10:SETI,11,10,17,2.520753e+02
Q1B,1,SR12A-PC-Q1B-01:I,SR12A-PC-Q1B-01:SETI,12,1,18,2.608183e+02
Q1B,1,SR13A-PC-Q1B-10:I,SR13A-PC-Q1B-10:SETI,13,10,19,3.003753e+02
Q1B,1,SR14A-PC-Q1B-01:I,SR14A-PC-Q1B-01:SETI,14,1,20,3.091183e+02
Q1B,1,SR14A-PC-Q1B-10:I,SR14A-PC-Q1B-10:SETI,14,10,21,3.230253e+02
Q1B,1,SR15A-PC-Q1B-01:I,SR15A-PC-Q1B-01:SETI,15,1,22,3.317683e+02
Q1B,1,SR15A-PC-Q1B-10:I,SR15A-PC-Q1B-10:SETI,15,10,23,3.456753e+02
Q1B,1,SR16A-PC-Q1B-01:I,SR16A-PC-Q1B-01:SETI,16,1,24,3.544183e+02
Q1B,1,SR17A-PC-Q1B-10:I,SR17A-PC-Q1B-10:SETI,17,10,25,3.939753e+02
Q1B,1,SR18A-PC-Q1B-01:I,SR18A-PC-Q1B-01:SETI,18,1,26,4.027183e+02
Q1B,1,SR18A-PC-Q1B-10:I,SR18A-PC-Q1B-10:SETI,18,10,27,4.166253e+02
Q1B,1,SR19A-PC-Q1B-01:I,SR19A-PC-Q1B-01:SETI,19,1,28,4.253683e+02
Q1B,1,SR19A-PC-Q1B-10:I,SR19A-PC-Q1B-10:SETI,19,10,29,4.392753e+02
Q1B,1,SR20A-PC-Q1B-01:I,SR20A-PC-Q1B-01:SETI,20,1,30,4.480183e+02
Q1B,1,SR21A-PC-Q1B-10:I,SR21A-PC-Q1B-10:SETI,21,10,31,4.875753e+02
Q1B,1,SR22A-PC-Q1B-01:I,SR22A-PC-Q1B-01:SETI,22,1,32,4.963183e+02
Q1B,1,SR22A-PC-Q1B-10:I,SR22A-PC-Q1B-10:SETI,22,10,33,5.102253e+02
Q1B,1,SR23A-PC-Q1B-01:I,SR23A-PC-Q1B-01:SETI,23,1,34,5.189683e+02
Q1B,1,SR23A-PC-Q1B-10:I,SR23A-PC-Q1B-10:SETI,23,10,35,5.328753e+02
Q1B,1,SR24A-PC-Q1B-01:I,SR24A-PC-Q1B-01:SETI,24,1,36,5.416183e+02
QM09,1,SR08A-PC-QUADF-01:I,SR08A-PC-QUADF-01:SETI,9.500000e+00,1,1,1.818200e+02
QM09,1,SR09S-PC-QUADD-02:I,SR09S-PC-QUADD-02:SETI,9.500000e+00,2,2,1.869997e+02
QM09,1,SR09S-PC-QUADF-03:I,SR09S-PC-QUADF-03:SETI,9.500000e+00,3,3,1.877997e+02
QM09,1,SR09A-PC-QUADF-04:I,SR09A-PC-QUADF-04:SETI,9.500000e+00,4,4,1.923715e+02
QM13,1,SR12A-PC-QUADF-01:I,SR12A-PC-QUADF-01:SETI,1.350000e+01,1,1,2.754200e+02
QM13,1,SR13S-PC-QUADD-02:I,SR13S-PC-QUADD-02:SETI,1.350000e+01,2,2,2.805996e+02
QM13,1,SR13S-PC-QUADF-03:I,SR13S-PC-QUADF-03:SETI,1.350000e+01,3,3,2.813998e+02
QM13,1,SR13A-PC-QUADF-04:I,SR13A-PC-QUADF-04:SETI,1.350000e+01,4,4,2.859715e+02
S1D,1,SR01A-PC-S1D-01:I,SR01A-PC-S1D-01:SETI,1,1,1,6.226500e+00
S1D,1,SR04A-PC-S1D-07:I,SR04A-PC-S1D-07:SETI,4,7,2,8.708350e+01
S1D,1,SR05A-PC-S1D-01:I,SR05A-PC-S1D-01:SETI,5,1,3,9.982650e+01
S1D,1,SR08A-PC-S1D-07:I,SR08A-PC-S1D-07:SETI,8,7,4,1.806835e+02
S1D,1,SR09A-PC-S1D-01:I,SR09A-PC-S1D-01:SETI,9,1,5,1.934265e+02
S1D,1,SR12A-PC-S1D-07:I,SR12A-PC-S1D-07:SETI,12,7,6,2.742835e+02
S1D,1,SR13A-PC-S1D-01:I,SR13A-PC-S1D-01:SETI,13,1,7,2.870265e+02
S1D,1,SR16A-PC-S1D-07:I,SR16A-PC-S1D-07:SETI,16,7,8,3.678835e+02
S1D,1,SR17A-PC-S1D-01:I,SR17A-PC-S1D-01:SETI,17,1,9,3.806265e+02
S1D,1,SR20A-PC-S1D-07:I,SR20A-PC-S1D-07:SETI,20,7,10,4.614835e+02
S1D,1,SR21A-PC-S1D-01:I,SR21A-PC-S1D-01:SETI,21,1,11,4.742265e+02
S1D,1,SR24A-PC-S1D-07:I,SR24A-PC-S1D-07:SETI,24,7,12,5.550835e+02
S2D,1,SR01A-PC-S2D-02:I,SR01A-PC-S2D-02:SETI,1,2,1,8.326500e+00
S2D,1,SR04A-PC-S2D-06:I,SR04A-PC-S2D-06:SETI,4,6,2,8.498350e+01
S2D,1,SR05A-PC-S2D-02:I,SR05A-PC-S2D-02:SETI,5,2,3,1.019265e+02
S2D,1,SR08A-PC-S2D-06:I,SR08A-PC-S2D-06:SETI,8,6,4,1.785835e+02
S2D,1,SR09A-PC-S2D-02:I,SR09A-PC-S2D-02:SETI,9,2,5,1.955265e+02
S2D,1,SR12A-PC-S2D-06:I,SR12A-PC-S2D-06:SETI,12,6,6,2.721835e+02
S2D,1,SR13A-PC-S2D-02:I,SR13A-PC-S2D-02:SETI,13,2,7,2.891265e+02
S2D,1,SR16A-PC-S2D-06:I,SR16A-PC-S2D-06:SETI,16,6,8,3.657835e+02
S2D,1,SR17A-PC-S2D-02:I,SR17A-PC-S2D-02:SETI,17,2,9,3.827265e+02
S2D,1,SR20A-PC-S2D-06:I,SR20A-PC-S2D-06:SETI,20,6,10,4.593835e+02
S2D,1,SR21A-PC-S2D-02:I,SR21A-PC-S2D-02:SETI,21,2,11,4.763265e+02
S2D,1,SR24A-PC-S2D-06:I,SR24A-PC-S2D-06:SETI,24,6,12,5.529835e+02
S2A,1,SR01A-PC-S2A-03:I,SR01A-PC-S2A-03:SETI,1,3,1,1.164250e+01
S2A,1,SR01A-PC-S2A-05:I,SR01A-PC-S2A-05:SETI,1,5,2,1.381750e+01
S2A,1,SR02A-PC-S2A-03:I,SR02A-PC-S2A-03:SETI,2,3,3,3.429250e+01
S2A,1,SR02A-PC-S2A-05:I,SR02A-PC-S2A-05:SETI,2,5,4,3.646750e+01
S2A,1,SR03A-PC-S2A-03:I,SR03A-PC-S2A-03:SETI,3,3,5,5.694250e+01
S2A,1,SR03A-PC-S2A-05:I,SR03A-PC-S2A-05:SETI,3,5,6,5.911750e+01
S2A,1,SR04A-PC-S2A-03:I,SR04A-PC-S2A-03:SETI,4,3,7,7.959250e+01
S2A,1,SR04A-PC-S2A-05:I,SR04A-PC-S2A-05:SETI,4,5,8,8.176750e+01
S2A,1,SR05A-PC-S2A-03:I,SR05A-PC-S2A-03:SETI,5,3,9,1.052425e+02
S2A,1,SR05A-PC-S2A-05:I,SR05A-PC-S2A-05:SETI,5,5,10,1.074175e+02
S2A,1,SR06A-PC-S2A-03:I,SR06A-PC-S2A-03:SETI,6,3,11,1.278925e+02
S2A,1,SR06A-PC-S2A-05:I,SR06A-PC-S2A-05:SETI,6,5,12,1.300675e+02
S2A,1,SR07A-PC-S2A-03:I,SR07A-PC-S2A-03:SETI,7,3,13,1.505425e+02
S2A,1,SR07A-PC-S2A-05:I,SR07A-PC-S2A-05:SETI,7,5,14,1.527175e+02
S2A,1,SR08A-PC-S2A-03:I,SR08A-PC-S2A-03:SETI,8,3,15,1.731925e+02
S2A,1,SR08A-PC-S2A-05:I,SR08A-PC-S2A-05:SETI,8,5,16,1.753675e+02
S2A,1,SR09A-PC-S2A-03:I,SR09A-PC-S2A-03:SETI,9,3,17,1.988425e+02
S2A,1,SR09A-PC-S2A-05:I,SR09A-PC-S2A-05:SETI,9,5,18,2.010175e+02
S2A,1,SR10A-PC-S2A-03:I,SR10A-PC-S2A-03:SETI,10,3,19,2.214925e+02
S2A,1,SR10A-PC-S2A-05:I,SR10A-PC-S2A-05:SETI,10,5,20,2.236675e+02
S2A,1,SR11A-PC-S2A-03:I,SR11A-PC-S2A-03:SETI,11,3,21,2.441425e+02
S2A,1,SR11A-PC-S2A-05:I,SR11A-PC-S2A-05:SETI,11,5,22,2.463175e+02
S2A,1,SR12A-PC-S2A-03:I,SR12A-PC-S2A-03:SETI,12,3,23,2.667925e+02
S2A,1,SR12A-PC-S2A-05:I,SR12A-PC-S2A-05:SETI,12,5,24,2.689675e+02
S2A,1,SR13A-PC-S2A-03:I,SR13A-PC-S2A-03:SETI,13,3,25,2.924425e+02
S2A,1,SR13A-PC-S2A-05:I,SR13A-PC-S2A-05:SETI,13,5,26,2.946175e+02
S2A,1,SR14A-PC-S2A-03:I,SR14A-PC-S2A-03:SETI,14,3,27,3.150925e+02
S2A,1,SR14A-PC-S2A-05:I,SR14A-PC-S2A-05:SETI,14,5,28,3.172675e+02
S2A,1,SR15A-PC-S2A-03:I,SR15A-PC-S2A-03:SETI,15,3,29,3.377425e+02
S2A,1,SR15A-PC-S2A-05:I,SR15A-PC-S2A-05:SETI,15,5,30,3.399175e+02
S2A,1,SR16A-PC-S2A-03:I,SR16A-PC-S2A-03:SETI,16,3,31,3.603925e+02
S2A,1,SR16A-PC-S2A-05:I,SR16A-PC-S2A-05:SETI,16,5,32,3.625675e+02
S2A,1,SR17A-PC-S2A-03:I,SR17A-PC-S2A-03:SETI,17,3,33,3.860425e+02
S2A,1,SR17A-PC-S2A-05:I,SR17A-PC-S2A-05:SETI,17,5,34,3.882175e+02
S2A,1,SR18A-PC-S2A-03:I,SR18A-PC-S2A-03:SETI,18,3,35,4.086925e+02
S2A,1,SR18A-PC-S2A-05:I,SR18A-PC-S2A-05:SETI,18,5,36,4.108675e+02
S2A,1,SR19A-PC-S2A-03:I,SR19A-PC-S2A-03:SETI,19,3,37,4.313425e+02
S2A,1,SR19A-PC-S2A-05:I,SR19A-PC-S2A-05:SETI,19,5,38,4.335175e+02
S2A,1,SR20A-PC-S2A-03:I,SR20A-PC-S2A-03:SETI,20,3,39,4.539925e+02
S2A,1,SR20A-PC-S2A-05:I,SR20A-PC-S2A-05:SETI,20,5,40,4.561675e+02
S2A,1,SR21A-PC-S2A-03:I,SR21A-PC-S2A-03:SETI,21,3,41,4.796425e+02
S2A,1,SR21A-PC-S2A-05:I,SR21A-PC-S2A-05:SETI,21,5,42,4.818175e+02
S2A,1,SR22A-PC-S2A-03:I,SR22A-PC-S2A-03:SETI,22,3,43,5.022925e+02
S2A,1,SR22A-PC-S2A-05:I,SR22A-PC-S2A-05:SETI,22,5,44,5.044675e+02
S2A,1,SR23A-PC-S2A-03:I,SR23A-PC-S2A-03:SETI,23,3,45,5.249425e+02
S2A,1,SR23A-PC-S2A-05:I,SR23A-PC-S2A-05:SETI,23,5,46,5.271175e+02
S2A,1,SR24A-PC-S2A-03:I,SR24A-PC-S2A-03:SETI,24,3,47,5.475925e+02
S2A,1,SR24A-PC-S2A-05:I,SR24A-PC-S2A-05:SETI,24,5,48,5.497675e+02
S1A,1,SR01A-PC-S1A-04:I,SR01A-PC-S1A-04:SETI,1,4,1,1.268000e+01
S1A,1,SR02A-PC-S1A-04:I,SR02A-PC-S1A-04:SETI,2,4,2,3.533000e+01
S1A,1,SR03A-PC-S1A-04:I,SR03A-PC-S1A-04:SETI,3,4,3,5.798000e+01
S1A,1,SR04A-PC-S1A-04:I,SR04A-PC-S1A-04:SETI,4,4,4,8.063000e+01
S1A,1,SR05A-PC-S1A-04:I,SR05A-PC-S1A-04:SETI,5,4,5,1.062800e+02
S1A,1,SR06A-PC-S1A-04:I,SR06A-PC-S1A-04:SETI,6,4,6,1.289300e+02
S1A,1,SR07A-PC-S1A-04:I,SR07A-PC-S1A-04:SETI,7,4,7,1.515800e+02
S1A,1,SR08A-PC-S1A-04:I,SR08A-PC-S1A-04:SETI,8,4,8,1.742300e+02
S1A,1,SR09A-PC-S1A-04:I,SR09A-PC-S1A-04:SETI,9,4,9,1.998800e+02
S1A,1,SR10A-PC-S1A-04:I,SR10A-PC-S1A-04:SETI,10,4,10,2.225300e+02
S1A,1,SR11A-PC-S1A-04:I,SR11A-PC-S1A-04:SETI,11,4,11,2.451800e+02
S1A,1,SR12A-PC-S1A-04:I,SR12A-PC-S1A-04:SETI,12,4,12,2.678300e+02
S1A,1,SR13A-PC-S1A-04:I,SR13A-PC-S1A-04:SETI,13,4,13,2.934800e+02
S1A,1,SR14A-PC-S1A-04:I,SR14A-PC-S1A-04:SETI,14,4,14,3.161300e+02
S1A,1,SR15A-PC-S1A-04:I,SR15A-PC-S1A-04:SETI,15,4,15,3.387800e+02
S1A,1,SR16A-PC-S1A-04:I,SR16A-PC-S1A-04:SETI,16,4,16,3.614300e+02
S1A,1,SR17A-PC-S1A-04:I,SR17A-PC-S1A-04:SETI,17,4,17,3.870800e+02
S1A,1,SR18A-PC-S1A-04:I,SR18A-PC-S1A-04:SETI,18,4,18,4.097300e+02
S1A,1,SR19A-PC-S1A-04:I,SR19A-PC-S1A-04:SETI,19,4,19,4.323800e+02
S1A,1,SR20A-PC-S1A-04:I,SR20A-PC-S1A-04:SETI,20,4,20,4.550300e+02
S1A,1,SR21A-PC-S1A-04:I,SR21A-PC-S1A-04:SETI,21,4,21,4.806800e+02
S1A,1,SR22A-PC-S1A-04:I,SR22A-PC-S1A-04:SETI,22,4,22,5.033300e+02
S1A,1,SR23A-PC-S1A-04:I,SR23A-PC-S1A-04:SETI,23,4,23,5.259800e+02
S1A,1,SR24A-PC-S1A-04:I,SR24A-PC-S1A-04:SETI,24,4,24,5.486300e+02
S2C,1,SR01A-PC-S2C-06:I,SR01A-PC-S2C-06:SETI,1,6,1,1.703350e+01
S2C,1,SR04A-PC-S2C-02:I,SR04A-PC-S2C-02:SETI,4,2,2,7.627650e+01
S2C,1,SR05A-PC-S2C-06:I,SR05A-PC-S2C-06:SETI,5,6,3,1.106335e+02
S2C,1,SR08A-PC-S2C-02:I,SR08A-PC-S2C-02:SETI,8,2,4,1.698765e+02
S2C,1,SR09A-PC-S2C-06:I,SR09A-PC-S2C-06:SETI,9,6,5,2.042335e+02
S2C,1,SR12A-PC-S2C-02:I,SR12A-PC-S2C-02:SETI,12,2,6,2.634765e+02
S2C,1,SR13A-PC-S2C-06:I,SR13A-PC-S2C-06:SETI,13,6,7,2.978335e+02
S2C,1,SR16A-PC-S2C-02:I,SR16A-PC-S2C-02:SETI,16,2,8,3.570765e+02
S2C,1,SR17A-PC-S2C-06:I,SR17A-PC-S2C-06:SETI,17,6,9,3.914335e+02
S2C,1,SR20A-PC-S2C-02:I,SR20A-PC-S2C-02:SETI,20,2,10,4.506765e+02
S2C,1,SR21A-PC-S2C-06:I,SR21A-PC-S2C-06:SETI,21,6,11,4.850335e+02
S2C,1,SR24A-PC-S2C-02:I,SR24A-PC-S2C-02:SETI,24,2,12,5.442765e+02
S1C,1,SR01A-PC-S1C-07:I,SR01A-PC-S1C-07:SETI,1,7,1,1.913350e+01
S1C,1,SR04A-PC-S1C-01:I,SR04A-PC-S1C-01:SETI,4,1,2,7.417650e+01
S1C,1,SR05A-PC-S1C-07:I,SR05A-PC-S1C-07:SETI,5,7,3,1.127335e+02
S1C,1,SR08A-PC-S1C-01:I,SR08A-PC-S1C-01:SETI,8,1,4,1.677765e+02
S1C,1,SR09A-PC-S1C-07:I,SR09A-PC-S1C-07:SETI,9,7,5,2.063335e+02
S1C,1,SR12A-PC-S1C-01:I,SR12A-PC-S1C-01:SETI,12,1,6,2.613765e+02
S1C,1,SR13A-PC-S1C-07:I,SR13A-PC-S1C-07:SETI,13,7,7,2.999335e+02
S1C,1,SR16A-PC-S1C-01:I,SR16A-PC-S1C-01:SETI,16,1,8,3.549765e+02
S1C,1,SR17A-PC-S1C-07:I,SR17A-PC-S1C-07:SETI,17,7,9,3.935335e+02
S1C,1,SR20A-PC-S1C-01:I,SR20A-PC-S1C-01:SETI,20,1,10,4.485765e+02
S1C,1,SR21A-PC-S1C-07:I,SR21A-PC-S1C-07:SETI,21,7,11,4.871335e+02
S1C,1,SR24A-PC-S1C-01:I,SR24A-PC-S1C-01:SETI,24,1,12,5.421765e+02
S1B,1,SR02A-PC-S1B-01:I,SR02A-PC-S1B-01:SETI,2,1,1,2.887650e+01
S1B,1,SR02A-PC-S1B-07:I,SR02A-PC-S1B-07:SETI,2,7,2,4.178350e+01
S1B,1,SR03A-PC-S1B-01:I,SR03A-PC-S1B-01:SETI,3,1,3,5.152650e+01
S1B,1,SR03A-PC-S1B-07:I,SR03A-PC-S1B-07:SETI,3,7,4,6.443350e+01
S1B,1,SR06A-PC-S1B-01:I,SR06A-PC-S1B-01:SETI,6,1,5,1.224765e+02
S1B,1,SR06A-PC-S1B-07:I,SR06A-PC-S1B-07:SETI,6,7,6,1.353835e+02
S1B,1,SR07A-PC-S1B-01:I,SR07A-PC-S1B-01:SETI,7,1,7,1.451265e+02
S1B,1,SR07A-PC-S1B-07:I,SR07A-PC-S1B-07:SETI,7,7,8,1.580335e+02
S1B,1,SR10A-PC-S1B-01:I,SR10A-PC-S1B-01:SETI,10,1,9,2.160765e+02
S1B,1,SR10A-PC-S1B-07:I,SR10A-PC-S1B-07:SETI,10,7,10,2.289835e+02
S1B,1,SR11A-PC-S1B-01:I,SR11A-PC-S1B-01:SETI,11,1,11,2.387265e+02
S1B,1,SR11A-PC-S1B-07:I,SR11A-PC-S1B-07:SETI,11,7,12,2.516335e+02
S1B,1,SR14A-PC-S1B-01:I,SR14A-PC-S1B-01:SETI,14,1,13,3.096765e+02
S1B,1,SR14A-PC-S1B-07:I,SR14A-PC-S1B-07:SETI,14,7,14,3.225835e+02
S1B,1,SR15A-PC-S1B-01:I,SR15A-PC-S1B-01:SETI,15,1,15,3.323265e+02
S1B,1,SR15A-PC-S1B-07:I,SR15A-PC-S1B-07:SETI,15,7,16,3.452335e+02
S1B,1,SR18A-PC-S1B-01:I,SR18A-PC-S1B-01:SETI,18,1,17,4.032765e+02
S1B,1,SR18A-PC-S1B-07:I,SR18A-PC-S1B-07:SETI,18,7,18,4.161835e+02
S1B,1,SR19A-PC-S1B-01:I,SR19A-PC-S1B-01:SETI,19,1,19,4.259265e+02
S1B,1,SR19A-PC-S1B-07:I,SR19A-PC-S1B-07:SETI,19,7,20,4.388335e+02
S1B,1,SR22A-PC-S1B-01:I,SR22A-PC-S1B-01:SETI,22,1,21,4.968765e+02
S1B,1,SR22A-PC-S1B-07:I,SR22A-PC-S1B-07:SETI,22,7,22,5.097835e+02
S1B,1,SR23A-PC-S1B-01:I,SR23A-PC-S1B-01:SETI,23,1,23,5.195265e+02
S1B,1,SR23A-PC-S1B-07:I,SR23A-PC-S1B-07:SETI,23,7,24,5.324335e+02
S2B,1,SR02A-PC-S2B-02:I,SR02A-PC-S2B-02:SETI,2,2,1,3.097650e+01
S2B,1,SR02A-PC-S2B-06:I,SR02A-PC-S2B-06:SETI,2,6,2,3.968350e+01
S2B,1,SR03A-PC-S2B-02:I,SR03A-PC-S2B-02:SETI,3,2,3,5.362650e+01
S2B,1,SR03A-PC-S2B-06:I,SR03A-PC-S2B-06:SETI,3,6,4,6.233350e+01
S2B,1,SR06A-PC-S2B-02:I,SR06A-PC-S2B-02:SETI,6,2,5,1.245765e+02
S2B,1,SR06A-PC-S2B-06:I,SR06A-PC-S2B-06:SETI,6,6,6,1.332835e+02
S2B,1,SR07A-PC-S2B-02:I,SR07A-PC-S2B-02:SETI,7,2,7,1.472265e+02
S2B,1,SR07A-PC-S2B-06:I,SR07A-PC-S2B-06:SETI,7,6,8,1.559335e+02
S2B,1,SR10A-PC-S2B-02:I,SR10A-PC-S2B-02:SETI,10,2,9,2.181765e+02
S2B,1,SR10A-PC-S2B-06:I,SR10A-PC-S2B-06:SETI,10,6,10,2.268835e+02
S2B,1,SR11A-PC-S2B-02:I,SR11A-PC-S2B-02:SETI,11,2,11,2.408265e+02
S2B,1,SR11A-PC-S2B-06:I,SR11A-PC-S2B-06:SETI,11,6,12,2.495335e+02
S2B,1,SR14A-PC-S2B-02:I,SR14A-PC-S2B-02:SETI,14,2,13,3.117765e+02
S2B,1,SR14A-PC-S2B-06:I,SR14A-PC-S2B-06:SETI,14,6,14,3.204835e+02
S2B,1,SR15A-PC-S2B-02:I,SR15A-PC-S2B-02:SETI,15,2,15,3.344265e+02
S2B,1,SR15A-PC-S2B-06:I,SR15A-PC-S2B-06:SETI,15,6,16,3.431335e+02
S2B,1,SR18A-PC-S2B-02:I,SR18A-PC-S2B-02:SETI,18,2,17,4.053765e+02
S2B,1,SR18A-PC-S2B-06:I,SR18A-PC-S2B-06:SETI,18,6,18,4.140835e+02
S2B,1,SR19A-PC-S2B-02:I,SR19A-PC-S2B-02:SETI,19,2,19,4.280265e+02
S2B,1,SR19A-PC-S2B-06:I,SR19A-PC-S2B-06:SETI,19,6,20,4.367335e+02
S2B,1,SR22A-PC-S2B-02:I,SR22A-PC-S2B-02:SETI,22,2,21,4.989765e+02
S2B,1,SR22A-PC-S2B-06:I,SR22A-PC-S2B-06:SETI,22,6,22,5.076835e+02
S2B,1,SR23A-PC-S2B-02:I,SR23A-PC-S2B-02:SETI,23,2,23,5.216265e+02
S2B,1,SR23A-PC-S2B-06:I,SR23A-PC-S2B-06:SETI,23,6,24,5.303335e+02
SQUAD,1,SR01A-PC-SQUAD-01:I,SR01A-PC-SQUAD-01:SETI,1,1,1,0
SQUAD,1,SR01A-PC-SQUAD-02:I,SR01A-PC-SQUAD-02:SETI,1,2,2,0
SQUAD,1,SR01A-PC-SQUAD-03:I,SR01A-PC-SQUAD-03:SETI,1,3,3,0
SQUAD,1,SR01A-PC-SQUAD-04:I,SR01A-PC-SQUAD-04:SETI,1,4,4,0
SQUAD,1,SR02A-PC-SQUAD-01:I,SR02A-PC-SQUAD-01:SETI,2,1,5,0
SQUAD,1,SR02A-PC-SQUAD-02:I,SR02A-PC-SQUAD-02:SETI,2,2,6,0
SQUAD,1,SR02A-PC-SQUAD-03:I,SR02A-PC-SQUAD-03:SETI,2,3,7,0
SQUAD,1,SR02A-PC-SQUAD-04:I,SR02A-PC-SQUAD-04:SETI,2,4,8,0
SQUAD,1,SR03A-PC-SQUAD-01:I,SR03A-PC-SQUAD-01:SETI,3,1,9,0
SQUAD,1,SR03A-PC-SQUAD-02:I,SR03A-PC-SQUAD-02:SETI,3,2,10,0
SQUAD,1,SR03A-PC-SQUAD-03:I,SR03A-PC-SQUAD-03:SETI,3,3,11,0
SQUAD,1,SR03A-PC-SQUAD-04:I,SR03A-PC-SQUAD-04:SETI,3,4,12,0
SQUAD,1,SR04A-PC-SQUAD-01:I,SR04A-PC-SQUAD-01:SETI,4,1,13,0
SQUAD,1,SR04A-PC-SQUAD-02:I,SR04A-PC-SQUAD-02:SETI,4,2,14,0
SQUAD,1,SR04A-PC-SQUAD-03:I,SR04A-PC-SQUAD-03:SETI,4,3,15,0
SQUAD,1,SR04A-PC-SQUAD-04:I,SR04A-PC-SQUAD-04:SETI,4,4,16,0
SQUAD,1,SR05A-PC-SQUAD-01:I,SR05A-PC-SQUAD-01:SETI,5,1,17,0
SQUAD,1,SR05A-PC-SQUAD-02:I,SR05A-PC-SQUAD-02:SETI,5,2,18,0
SQUAD,1,SR05A-PC-SQUAD-03:I,SR05A-PC-SQUAD-03:SETI,5,3,19,0
SQUAD,1,SR05A-PC-SQUAD-04:I,SR05A-PC-SQUAD-04:SETI,5,4,20,0
SQUAD,1,SR06A-PC-SQUAD-01:I,SR06A-PC-SQUAD-01:SETI,6,1,21,0
SQUAD,1,SR06A-PC-SQUAD-02:I,SR06A-PC-SQUAD-02:SETI,6,2,22,0
SQUAD,1,SR06A-PC-SQUAD-03:I,SR06A-PC-SQUAD-03:SETI,6,3,23,0
SQUAD,1,SR06A-PC-SQUAD-04:I,SR06A-PC-SQUAD-04:SETI,6,4,24,0
SQUAD,1,SR07A-PC-SQUAD-01:I,SR07A-PC-SQUAD-01:SETI,7,1,25,0
SQUAD,1,SR07A-PC-SQUAD-02:I,SR07A-PC-SQUAD-02:SETI,7,2,26,0
SQUAD,1,SR07A-PC-SQUAD-03:I,SR07A-PC-SQUAD-03:SETI,7,3,27,0
SQUAD,1,SR07A-PC-SQUAD-04:I,SR07A-PC-SQUAD-04:SETI,7,4,28,0
SQUAD,1,SR08A-PC-SQUAD-01:I,SR08A-PC-SQUAD-01:SETI,8,1,29,0
SQUAD,1,SR08A-PC-SQUAD-02:I,SR08A-PC-SQUAD-02:SETI,8,2,30,0
SQUAD,1,SR08A-PC-SQUAD-03:I,SR08A-PC-SQUAD-03:SETI,8,3,31,0
SQUAD,1,SR08A-PC-SQUAD-04:I,SR08A-PC-SQUAD-04:SETI,8,4,32,0
SQUAD,1,SR09A-PC-SQUAD-01:I,SR09A-PC-SQUAD-01:SETI,9,1,33,0
SQUAD,1,SR09A-PC-SQUAD-02:I,SR09A-PC-SQUAD-02:SETI,9,2,34,0
SQUAD,1,SR09A-PC-SQUAD-03:I,SR09A-PC-SQUAD-03:SETI,9,3,35,0
SQUAD,1,SR09A-PC-SQUAD-04:I,SR09A-PC-SQUAD-04:SETI,9,4,36,0
SQUAD,1,SR10A-PC-SQUAD-01:I,SR10A-PC-SQUAD-01:SETI,10,1,37,0
SQUAD,1,SR10A-PC-SQUAD-02:I,SR10A-PC-SQUAD-02:SETI,10,2,38,0
SQUAD,1,SR10A-PC-SQUAD-03:I,SR10A-PC-SQUAD-03:SETI,10,3,39,0
SQUAD,1,SR10A-PC-SQUAD-04:I,SR10A-PC-SQUAD-04:SETI,10,4,40,0
SQUAD,1,SR11A-PC-SQUAD-01:I,SR11A-PC-SQUAD-01:SETI,11,1,41,0
SQUAD,1,SR11A-PC-SQUAD-02:I,SR11A-PC-SQUAD-02:SETI,11,2,42,0
SQUAD,1,SR11A-PC-SQUAD-03:I,SR11A-PC-SQUAD-03:SETI,11,3,43,0
SQUAD,1,SR11A-PC-SQUAD-04:I,SR11A-PC-SQUAD-04:SETI,11,4,44,0
SQUAD,1,SR12A-PC-SQUAD-01:I,SR12A-PC-SQUAD-01:SETI,12,1,45,0
SQUAD,1,SR12A-PC-SQUAD-02:I,SR12A-PC-SQUAD-02:SETI,12,2,46,0
SQUAD,1,SR12A-PC-SQUAD-03:I,SR12A-PC-SQUAD-03:SETI,12,3,47,0
SQUAD,1,SR12A-PC-SQUAD-04:I,SR12A-PC-SQUAD-04:SETI,12,4,48,0
SQUAD,1,SR13A-PC-SQUAD-01:I,SR13A-PC-SQUAD-01:SETI,13,1,49,0
SQUAD,1,SR13A-PC-SQUAD-02:I,SR13A-PC-SQUAD-02:SETI,13,2,50,0
SQUAD,1,SR13A-PC-SQUAD-03:I,SR13A-PC-SQUAD-03:SETI,13,3,51,0
SQUAD,1,SR13A-PC-SQUAD-04:I,SR13A-PC-SQUAD-04:SETI,13,4,52,0
SQUAD,1,SR14A-PC-SQUAD-01:I,SR14A-PC-SQUAD-01:SETI,14,1,53,0
SQUAD,1,SR14A-PC-SQUAD-02:I,SR14A-PC-SQUAD-02:SETI,14,2,54,0
SQUAD,1,SR14A-PC-SQUAD-03:I,SR14A-PC-SQUAD-03:SETI,14,3,55,0
SQUAD,1,SR14A-PC-SQUAD-04:I,SR14A-PC-SQUAD-04:SETI,14,4,56,0
SQUAD,1,SR15A-PC-SQUAD-01:I,SR15A-PC-SQUAD-01:SETI,15,1,57,0
SQUAD,1,SR15A-PC-SQUAD-02:I,SR15A-PC-SQUAD-02:SETI,15,2,58,0
SQUAD,1,SR15A-PC-SQUAD-03:I,SR15A-PC-SQUAD-03:SETI,15,3,59,0
SQUAD,1,SR15A-PC-SQUAD-04:I,SR15A-PC-SQUAD-04:SETI,15,4,60,0
SQUAD,1,SR16A-PC-SQUAD-01:I,SR16A-PC-SQUAD-01:SETI,16,1,61,0
SQUAD,1,SR16A-PC-SQUAD-02:I,SR16A-PC-SQUAD-02:SETI,16,2,62,0
SQUAD,1,SR16A-PC-SQUAD-03:I,SR16A-PC-SQUAD-03:SETI,16,3,63,0
SQUAD,1,SR16A-PC-SQUAD-04:I,SR16A-PC-SQUAD-04:SETI,16,4,64,0
SQUAD,1,SR17A-PC-SQUAD-01:I,SR17A-PC-SQUAD-01:SETI,17,1,65,0
SQUAD,1,SR17A-PC-SQUAD-02:I,SR17A-PC-SQUAD-02:SETI,17,2,66,0
SQUAD,1,SR17A-PC-SQUAD-03:I,SR17A-PC-SQUAD-03:SETI,17,3,67,0
SQUAD,1,SR17A-PC-SQUAD-04:I,SR17A-PC-SQUAD-04:SETI,17,4,68,0
SQUAD,1,SR18A-PC-SQUAD-01:I,SR18A-PC-SQUAD-01:SETI,18,1,69,0
SQUAD,1,SR18A-PC-SQUAD-02:I,SR18A-PC-SQUAD-02:SETI,18,2,70,0
SQUAD,1,SR18A-PC-SQUAD-03:I,SR18A-PC-SQUAD-03:SETI,18,3,71,0
SQUAD,1,SR18A-PC-SQUAD-04:I,SR18A-PC-SQUAD-04:SETI,18,4,72,0
SQUAD,1,SR19A-PC-SQUAD-01:I,SR19A-PC-SQUAD-01:SETI,19,1,73,0
SQUAD,1,SR19A-PC-SQUAD-02:I,SR19A-PC-SQUAD-02:SETI,19,2,74,0
SQUAD,1,SR19A-PC-SQUAD-03:I,SR19A-PC-SQUAD-03:SETI,19,3,75,0
SQUAD,1,SR19A-PC-SQUAD-04:I,SR19A-PC-SQUAD-04:SETI,19,4,76,0
SQUAD,1,SR20A-PC-SQUAD-01:I,SR20A-PC-SQUAD-01:SETI,20,1,77,0
SQUAD,1,SR20A-PC-SQUAD-02:I,SR20A-PC-SQUAD-02:SETI,20,2,78,0
SQUAD,1,SR20A-PC-SQUAD-03:I,SR20A-PC-SQUAD-03:SETI,20,3,79,0
SQUAD,1,SR20A-PC-SQUAD-04:I,SR20A-PC-SQUAD-04:SETI,20,4,80,0
SQUAD,1,SR21A-PC-SQUAD-01:I,SR21A-PC-SQUAD-01:SETI,21,1,81,0
SQUAD,1,SR21A-PC-SQUAD-02:I,SR21A-PC-SQUAD-02:SETI,21,2,82,0
SQUAD,1,SR21A-PC-SQUAD-03:I,SR21A-PC-SQUAD-03:SETI,21,3,83,0
SQUAD,1,SR21A-PC-SQUAD-04:I,SR21A-PC-SQUAD-04:SETI,21,4,84,0
SQUAD,1,SR22A-PC-SQUAD-01:I,SR22A-PC-SQUAD-01:SETI,22,1,85,0
SQUAD,1,SR22A-PC-SQUAD-02:I,SR22A-PC-SQUAD-02:SETI,22,2,86,0
SQUAD,1,SR22A-PC-SQUAD-03:I,SR22A-PC-SQUAD-03:SETI,22,3,87,0
SQUAD,1,SR22A-PC-SQUAD-04:I,SR22A-PC-SQUAD-04:SETI,22,4,88,0
SQUAD,1,SR23A-PC-SQUAD-01:I,SR23A-PC-SQUAD-01:SETI,23,1,89,0
SQUAD,1,SR23A-PC-SQUAD-02:I,SR23A-PC-SQUAD-02:SETI,23,2,90,0
SQUAD,1,SR23A-PC-SQUAD-03:I,SR23A-PC-SQUAD-03:SETI,23,3,91,0
SQUAD,1,SR23A-PC-SQUAD-04:I,SR23A-PC-SQUAD-04:SETI,23,4,92,0
SQUAD,1,SR24A-PC-SQUAD-01:I,SR24A-PC-SQUAD-01:SETI,24,1,93,0
SQUAD,1,SR24A-PC-SQUAD-02:I,SR24A-PC-SQUAD-02:SETI,24,2,94,0
SQUAD,1,SR24A-PC-SQUAD-03:I,SR24A-PC-SQUAD-03:SETI,24,3,95,0
SQUAD,1,SR24A-PC-SQUAD-04:I,SR24A-PC-SQUAD-04:SETI,24,4,96,0
BEND,1,SR01-PC-DIPOL-01:I,SR01-PC-DIPOL-01:SETI,1,1,1,9.290500e+00
BEND,1,SR01-PC-DIPOL-02:I,SR01-PC-DIPOL-02:SETI,1,2,2,1.542650e+01
BEND,1,SR02-PC-DIPOL-01:I,SR02-PC-DIPOL-01:SETI,2,1,3,3.194050e+01
BEND,1,SR02-PC-DIPOL-02:I,SR02-PC-DIPOL-02:SETI,2,2,4,3.807650e+01
BEND,1,SR03-PC-DIPOL-01:I,SR03-PC-DIPOL-01:SETI,3,1,5,5.459050e+01
BEND,1,SR03-PC-DIPOL-02:I,SR03-PC-DIPOL-02:SETI,3,2,6,6.072650e+01
BEND,1,SR04-PC-DIPOL-01:I,SR04-PC-DIPOL-01:SETI,4,1,7,7.724050e+01
BEND,1,SR04-PC-DIPOL-02:I,SR04-PC-DIPOL-02:SETI,4,2,8,8.337650e+01
BEND,1,SR05-PC-DIPOL-01:I,SR05-PC-DIPOL-01:SETI,5,1,9,1.028905e+02
BEND,1,SR05-PC-DIPOL-02:I,SR05-PC-DIPOL-02:SETI,5,2,10,1.090265e+02
BEND,1,SR06-PC-DIPOL-01:I,SR06-PC-DIPOL-01:SETI,6,1,11,1.255405e+02
BEND,1,SR06-PC-DIPOL-02:I,SR06-PC-DIPOL-02:SETI,6,2,12,1.316765e+02
BEND,1,SR07-PC-DIPOL-01:I,SR07-PC-DIPOL-01:SETI,7,1,13,1.481905e+02
BEND,1,SR07-PC-DIPOL-02:I,SR07-PC-DIPOL-02:SETI,7,2,14,1.543265e+02
BEND,1,SR08-PC-DIPOL-01:I,SR08-PC-DIPOL-01:SETI,8,1,15,1.708405e+02
BEND,1,SR08-PC-DIPOL-02:I,SR08-PC-DIPOL-02:SETI,8,2,16,1.769765e+02
BEND,1,SR09-PC-DIPOL-01:I,SR09-PC-DIPOL-01:SETI,9,1,17,1.964905e+02
BEND,1,SR09-PC-DIPOL-02:I,SR09-PC-DIPOL-02:SETI,9,2,18,2.026265e+02
BEND,1,SR10-PC-DIPOL-01:I,SR10-PC-DIPOL-01:SETI,10,1,19,2.191405e+02
BEND,1,SR10-PC-DIPOL-02:I,SR10-PC-DIPOL-02:SETI,10,2,20,2.252765e+02
BEND,1,SR11-PC-DIPOL-01:I,SR11-PC-DIPOL-01:SETI,11,1,21,2.417905e+02
BEND,1,SR11-PC-DIPOL-02:I,SR11-PC-DIPOL-02:SETI,11,2,22,2.479265e+02
BEND,1,SR12-PC-DIPOL-01:I,SR12-PC-DIPOL-01:SETI,12,1,23,2.644405e+02
BEND,1,SR12-PC-DIPOL-02:I,SR12-PC-DIPOL-02:SETI,12,2,24,2.705765e+02
BEND,1,SR13-PC-DIPOL-01:I,SR13-PC-DIPOL-01:SETI,13,1,25,2.900905e+02
BEND,1,SR13-PC-DIPOL-02:I,SR13-PC-DIPOL-02:SETI,13,2,26,2.962265e+02
BEND,1,SR14-PC-DIPOL-01:I,SR14-PC-DIPOL-01:SETI,14,1,27,3.127405e+02
BEND,1,SR14-PC-DIPOL-02:I,SR14-PC-DIPOL-02:SETI,14,2,28,3.188765e+02
BEND,1,SR15-PC-DIPOL-01:I,SR15-PC-DIPOL-01:SETI,15,1,29,3.353905e+02
BEND,1,SR15-PC-DIPOL-02:I,SR15-PC-DIPOL-02:SETI,15,2,30,3.415265e+02
BEND,1,SR16-PC-DIPOL-01:I,SR16-PC-DIPOL-01:SETI,16,1,31,3.580405e+02
BEND,1,SR16-PC-DIPOL-02:I,SR16-PC-DIPOL-02:SETI,16,2,32,3.641765e+02
BEND,1,SR17-PC-DIPOL-01:I,SR17-PC-DIPOL-01:SETI,17,1,33,3.836905e+02
BEND,1,SR17-PC-DIPOL-02:I,SR17-PC-DIPOL-02:SETI,17,2,34,3.898265e+02
BEND,1,SR18-PC-DIPOL-01:I,SR18-PC-DIPOL-01:SETI,18,1,35,4.063405e+02
BEND,1,SR18-PC-DIPOL-02:I,SR18-PC-DIPOL-02:SETI,18,2,36,4.124765e+02
BEND,1,SR19-PC-DIPOL-01:I,SR19-PC-DIPOL-01:SETI,19,1,37,4.289905e+02
BEND,1,SR19-PC-DIPOL-02:I,SR19-PC-DIPOL-02:SETI,19,2,38,4.351265e+02
BEND,1,SR20-PC-DIPOL-01:I,SR20-PC-DIPOL-01:SETI,20,1,39,4.516405e+02
BEND,1,SR20-PC-DIPOL-02:I,SR20-PC-DIPOL-02:SETI,20,2,40,4.577765e+02
BEND,1,SR21-PC-DIPOL-01:I,SR21-PC-DIPOL-01:SETI,21,1,41,4.772905e+02
BEND,1,SR21-PC-DIPOL-02:I,SR21-PC-DIPOL-02:SETI,21,2,42,4.834265e+02
BEND,1,SR22-PC-DIPOL-01:I,SR22-PC-DIPOL-01:SETI,22,1,43,4.999405e+02
BEND,1,SR22-PC-DIPOL-02:I,SR22-PC-DIPOL-02:SETI,22,2,44,5.060765e+02
BEND,1,SR23-PC-DIPOL-01:I,SR23-PC-DIPOL-01:SETI,23,1,45,5.225905e+02
BEND,1,SR23-PC-DIPOL-02:I,SR23-PC-DIPOL-02:SETI,23,2,46,5.287265e+02
BEND,1,SR24-PC-DIPOL-01:I,SR24-PC-DIPOL-01:SETI,24,1,47,5.452405e+02
BEND,1,SR24-PC-DIPOL-02:I,SR24-PC-DIPOL-02:SETI,24,2,48,5.513765e+02
DCCT,1,SR21C-DI-DCCT-01:SIGNAL,,1,1,1,0
TUNE,1,BR-SI-SIML-01:TUNEX,,1,1,1,0
TUNE,1,BR-SI-SIML-01:TUNEY,,1,2,2,0
HCM,1,SR01A-PC-HSTR-01:I,SR01A-PC-HSTR-01:SETI,1,1,1,6.516500e+00
HCM,1,SR01A-PC-HSTR-02:I,SR01A-PC-HSTR-02:SETI,1,2,2,8.616500e+00
HCM,1,SR01A-PC-HSTR-03:I,SR01A-PC-HSTR-03:SETI,1,3,3,1.183250e+01
HCM,1,SR01A-PC-HSTR-04:I,SR01A-PC-HSTR-04:SETI,1,4,4,1.297000e+01
HCM,1,SR01A-PC-HSTR-05:I,SR01A-PC-HSTR-05:SETI,1,5,5,1.400750e+01
HCM,1,SR01A-PC-HSTR-06:I,SR01A-PC-HSTR-06:SETI,1,6,6,1.732350e+01
HCM,1,SR01A-PC-HSTR-07:I,SR01A-PC-HSTR-07:SETI,1,7,7,1.942350e+01
HCM,1,SR02A-PC-HSTR-01:I,SR02A-PC-HSTR-01:SETI,2,1,8,2.916650e+01
HCM,1,SR02A-PC-HSTR-02:I,SR02A-PC-HSTR-02:SETI,2,2,9,3.126650e+01
HCM,1,SR02A-PC-HSTR-03:I,SR02A-PC-HSTR-03:SETI,2,3,10,3.448250e+01
HCM,1,SR02A-PC-HSTR-04:I,SR02A-PC-HSTR-04:SETI,2,4,11,3.562000e+01
HCM,1,SR02A-PC-HSTR-05:I,SR02A-PC-HSTR-05:SETI,2,5,12,3.665750e+01
HCM,1,SR02A-PC-HSTR-06:I,SR02A-PC-HSTR-06:SETI,2,6,13,3.997350e+01
HCM,1,SR02A-PC-HSTR-07:I,SR02A-PC-HSTR-07:SETI,2,7,14,4.207350e+01
HCM,1,SR03A-PC-HSTR-01:I,SR03A-PC-HSTR-01:SETI,3,1,15,5.181650e+01
HCM,1,SR03A-PC-HSTR-02:I,SR03A-PC-HSTR-02:SETI,3,2,16,5.391650e+01
HCM,1,SR03A-PC-HSTR-03:I,SR03A-PC-HSTR-03:SETI,3,3,17,5.713250e+01
HCM,1,SR03A-PC-HSTR-04:I,SR03A-PC-HSTR-04:SETI,3,4,18,5.827000e+01
HCM,1,SR03A-PC-HSTR-05:I,SR03A-PC-HSTR-05:SETI,3,5,19,5.930750e+01
HCM,1,SR03A-PC-HSTR-06:I,SR03A-PC-HSTR-06:SETI,3,6,20,6.262350e+01
HCM,1,SR03A-PC-HSTR-07:I,SR03A-PC-HSTR-07:SETI,3,7,21,6.472350e+01
HCM,1,SR04A-PC-HSTR-01:I,SR04A-PC-HSTR-01:SETI,4,1,22,7.446650e+01
HCM,1,SR04A-PC-HSTR-02:I,SR04A-PC-HSTR-02:SETI,4,2,23,7.656650e+01
HCM,1,SR04A-PC-HSTR-03:I,SR04A-PC-HSTR-03:SETI,4,3,24,7.978250e+01
HCM,1,SR04A-PC-HSTR-04:I,SR04A-PC-HSTR-04:SETI,4,4,25,8.092000e+01
HCM,1,SR04A-PC-HSTR-05:I,SR04A-PC-HSTR-05:SETI,4,5,26,8.195750e+01
HCM,1,SR04A-PC-HSTR-06:I,SR04A-PC-HSTR-06:SETI,4,6,27,8.527350e+01
HCM,1,SR04A-PC-HSTR-07:I,SR04A-PC-HSTR-07:SETI,4,7,28,8.737350e+01
HCM,1,SR05A-PC-HSTR-01:I,SR05A-PC-HSTR-01:SETI,5,1,29,1.001165e+02
HCM,1,SR05A-PC-HSTR-02:I,SR05A-PC-HSTR-02:SETI,5,2,30,1.022165e+02
HCM,1,SR05A-PC-HSTR-03:I,SR05A-PC-HSTR-03:SETI,5,3,31,1.054325e+02
HCM,1,SR05A-PC-HSTR-04:I,SR05A-PC-HSTR-04:SETI,5,4,32,1.065700e+02
HCM,1,SR05A-PC-HSTR-05:I,SR05A-PC-HSTR-05:SETI,5,5,33,1.076075e+02
HCM,1,SR05A-PC-HSTR-06:I,SR05A-PC-HSTR-06:SETI,5,6,34,1.109235e+02
HCM,1,SR05A-PC-HSTR-07:I,SR05A-PC-HSTR-07:SETI,5,7,35,1.130235e+02
HCM,1,SR06A-PC-HSTR-01:I,SR06A-PC-HSTR-01:SETI,6,1,36,1.227665e+02
HCM,1,SR06A-PC-HSTR-02:I,SR06A-PC-HSTR-02:SETI,6,2,37,1.248665e+02
HCM,1,SR06A-PC-HSTR-03:I,SR06A-PC-HSTR-03:SETI,6,3,38,1.280825e+02
HCM,1,SR06A-PC-HSTR-04:I,SR06A-PC-HSTR-04:SETI,6,4,39,1.292200e+02
HCM,1,SR06A-PC-HSTR-05:I,SR06A-PC-HSTR-05:SETI,6,5,40,1.302575e+02
HCM,1,SR06A-PC-HSTR-06:I,SR06A-PC-HSTR-06:SETI,6,6,41,1.335735e+02
HCM,1,SR06A-PC-HSTR-07:I,SR06A-PC-HSTR-07:SETI,6,7,42,1.356735e+02
HCM,1,SR07A-PC-HSTR-01:I,SR07A-PC-HSTR-01:SETI,7,1,43,1.454165e+02
HCM,1,SR07A-PC-HSTR-02:I,SR07A-PC-HSTR-02:SETI,7,2,44,1.475165e+02
HCM,1,SR07A-PC-HSTR-03:I,SR07A-PC-HSTR-03:SETI,7,3,45,1.507325e+02
HCM,1,SR07A-PC-HSTR-04:I,SR07A-PC-HSTR-04:SETI,7,4,46,1.518700e+02
HCM,1,SR07A-PC-HSTR-05:I,SR07A-PC-HSTR-05:SETI,7,5,47,1.529075e+02
HCM,1,SR07A-PC-HSTR-06:I,SR07A-PC-HSTR-06:SETI,7,6,48,1.562235e+02
HCM,1,SR07A-PC-HSTR-07:I,SR07A-PC-HSTR-07:SETI,7,7,49,1.583235e+02
HCM,1,SR08A-PC-HSTR-01:I,SR08A-PC-HSTR-01:SETI,8,1,50,1.680665e+02
HCM,1,SR08A-PC-HSTR-02:I,SR08A-PC-HSTR-02:SETI,8,2,51,1.701665e+02
HCM,1,SR08A-PC-HSTR-03:I,SR08A-PC-HSTR-03:SETI,8,3,52,1.733825e+02
HCM,1,SR08A-PC-HSTR-04:I,SR08A-PC-HSTR-04:SETI,8,4,53,1.745200e+02
HCM,1,SR08A-PC-HSTR-05:I,SR08A-PC-HSTR-05:SETI,8,5,54,1.755575e+02
HCM,1,SR08A-PC-HSTR-06:I,SR08A-PC-HSTR-06:SETI,8,6,55,1.788735e+02
HCM,1,SR08A-PC-HSTR-07:I,SR08A-PC-HSTR-07:SETI,8,7,56,1.809735e+02
HCM,1,SR09S-PC-HSTR-01:I,SR09S-PC-HSTR-01:SETI,9.500000e+00,1,57,1.859496e+02
HCM,1,SR09S-PC-HSTR-02:I,SR09S-PC-HSTR-02:SETI,9.500000e+00,2,58,1.883732e+02
HCM,1,SR09A-PC-HSTR-01:I,SR09A-PC-HSTR-01:SETI,9,1,59,1.937165e+02
HCM,1,SR09A-PC-HSTR-02:I,SR09A-PC-HSTR-02:SETI,9,2,60,1.958165e+02
HCM,1,SR09A-PC-HSTR-03:I,SR09A-PC-HSTR-03:SETI,9,3,61,1.990325e+02
HCM,1,SR09A-PC-HSTR-04:I,SR09A-PC-HSTR-04:SETI,9,4,62,2.001700e+02
HCM,1,SR09A-PC-HSTR-05:I,SR09A-PC-HSTR-05:SETI,9,5,63,2.012075e+02
HCM,1,SR09A-PC-HSTR-06:I,SR09A-PC-HSTR-06:SETI,9,6,64,2.045235e+02
HCM,1,SR09A-PC-HSTR-07:I,SR09A-PC-HSTR-07:SETI,9,7,65,2.066235e+02
HCM,1,SR10A-PC-HSTR-01:I,SR10A-PC-HSTR-01:SETI,10,1,66,2.163665e+02
HCM,1,SR10A-PC-HSTR-02:I,SR10A-PC-HSTR-02:SETI,10,2,67,2.184665e+02
HCM,1,SR10A-PC-HSTR-03:I,SR10A-PC-HSTR-03:SETI,10,3,68,2.216825e+02
HCM,1,SR10A-PC-HSTR-04:I,SR10A-PC-HSTR-04:SETI,10,4,69,2.228200e+02
HCM,1,SR10A-PC-HSTR-05:I,SR10A-PC-HSTR-05:SETI,10,5,70,2.238575e+02
HCM,1,SR10A-PC-HSTR-06:I,SR10A-PC-HSTR-06:SETI,10,6,71,2.271735e+02
HCM,1,SR10A-PC-HSTR-07:I,SR10A-PC-HSTR-07:SETI,10,7,72,2.292735e+02
HCM,1,SR11A-PC-HSTR-01:I,SR11A-PC-HSTR-01:SETI,11,1,73,2.390165e+02
HCM,1,SR11A-PC-HSTR-02:I,SR11A-PC-HSTR-02:SETI,11,2,74,2.411165e+02
HCM,1,SR11A-PC-HSTR-03:I,SR11A-PC-HSTR-03:SETI,11,3,75,2.443325e+02
HCM,1,SR11A-PC-HSTR-04:I,SR11A-PC-HSTR-04:SETI,11,4,76,2.454700e+02
HCM,1,SR11A-PC-HSTR-05:I,SR11A-PC-HSTR-05:SETI,11,5,77,2.465075e+02
HCM,1,SR11A-PC-HSTR-06:I,SR11A-PC-HSTR-06:SETI,11,6,78,2.498235e+02
HCM,1,SR11A-PC-HSTR-07:I,SR11A-PC-HSTR-07:SETI,11,7,79,2.519235e+02
HCM,1,SR12A-PC-HSTR-01:I,SR12A-PC-HSTR-01:SETI,12,1,80,2.616665e+02
HCM,1,SR12A-PC-HSTR-02:I,SR12A-PC-HSTR-02:SETI,12,2,81,2.637665e+02
HCM,1,SR12A-PC-HSTR-03:I,SR12A-PC-HSTR-03:SETI,12,3,82,2.669825e+02
HCM,1,SR12A-PC-HSTR-04:I,SR12A-PC-HSTR-04:SETI,12,4,83,2.681200e+02
HCM,1,SR12A-PC-HSTR-05:I,SR12A-PC-HSTR-05:SETI,12,5,84,2.691575e+02
HCM,1,SR12A-PC-HSTR-06:I,SR12A-PC-HSTR-06:SETI,12,6,85,2.724735e+02
HCM,1,SR12A-PC-HSTR-07:I,SR12A-PC-HSTR-07:SETI,12,7,86,2.745735e+02
HCM,1,SR13S-PC-HSTR-01:I,SR13S-PC-HSTR-01:SETI,1.350000e+01,1,87,2.795492e+02
HCM,1,SR13S-PC-HSTR-02:I,SR13S-PC-HSTR-02:SETI,1.350000e+01,2,88,2.819736e+02
HCM,1,SR13A-PC-HSTR-01:I,SR13A-PC-HSTR-01:SETI,13,1,89,2.873165e+02
HCM,1,SR13A-PC-HSTR-02:I,SR13A-PC-HSTR-02:SETI,13,2,90,2.894165e+02
HCM,1,SR13A-PC-HSTR-03:I,SR13A-PC-HSTR-03:SETI,13,3,91,2.926325e+02
HCM,1,SR13A-PC-HSTR-04:I,SR13A-PC-HSTR-04:SETI,13,4,92,2.937700e+02
HCM,1,SR13A-PC-HSTR-05:I,SR13A-PC-HSTR-05:SETI,13,5,93,2.948075e+02
HCM,1,SR13A-PC-HSTR-06:I,SR13A-PC-HSTR-06:SETI,13,6,94,2.981235e+02
HCM,1,SR13A-PC-HSTR-07:I,SR13A-PC-HSTR-07:SETI,13,7,95,3.002235e+02
HCM,1,SR14A-PC-HSTR-01:I,SR14A-PC-HSTR-01:SETI,14,1,96,3.099665e+02
HCM,1,SR14A-PC-HSTR-02:I,SR14A-PC-HSTR-02:SETI,14,2,97,3.120665e+02
HCM,1,SR14A-PC-HSTR-03:I,SR14A-PC-HSTR-03:SETI,14,3,98,3.152825e+02
HCM,1,SR14A-PC-HSTR-04:I,SR14A-PC-HSTR-04:SETI,14,4,99,3.164200e+02
HCM,1,SR14A-PC-HSTR-05:I,SR14A-PC-HSTR-05:SETI,14,5,100,3.174575e+02
HCM,1,SR14A-PC-HSTR-06:I,SR14A-PC-HSTR-06:SETI,14,6,101,3.207735e+02
HCM,1,SR14A-PC-HSTR-07:I,SR14A-PC-HSTR-07:SETI,14,7,102,3.228735e+02
HCM,1,SR15A-PC-HSTR-01:I,SR15A-PC-HSTR-01:SETI,15,1,103,3.326165e+02
HCM,1,SR15A-PC-HSTR-02:I,SR15A-PC-HSTR-02:SETI,15,2,104,3.347165e+02
HCM,1,SR15A-PC-HSTR-03:I,SR15A-PC-HSTR-03:SETI,15,3,105,3.379325e+02
HCM,1,SR15A-PC-HSTR-04:I,SR15A-PC-HSTR-04:SETI,15,4,106,3.390700e+02
HCM,1,SR15A-PC-HSTR-05:I,SR15A-PC-HSTR-05:SETI,15,5,107,3.401075e+02
HCM,1,SR15A-PC-HSTR-06:I,SR15A-PC-HSTR-06:SETI,15,6,108,3.434235e+02
HCM,1,SR15A-PC-HSTR-07:I,SR15A-PC-HSTR-07:SETI,15,7,109,3.455235e+02
HCM,1,SR16A-PC-HSTR-01:I,SR16A-PC-HSTR-01:SETI,16,1,110,3.552665e+02
HCM,1,SR16A-PC-HSTR-02:I,SR16A-PC-HSTR-02:SETI,16,2,111,3.573665e+02
HCM,1,SR16A-PC-HSTR-03:I,SR16A-PC-HSTR-03:SETI,16,3,112,3.605825e+02
HCM,1,SR16A-PC-HSTR-04:I,SR16A-PC-HSTR-04:SETI,16,4,113,3.617200e+02
HCM,1,SR16A-PC-HSTR-05:I,SR16A-PC-HSTR-05:SETI,16,5,114,3.627575e+02
HCM,1,SR16A-PC-HSTR-06:I,SR16A-PC-HSTR-06:SETI,16,6,115,3.660735e+02
HCM,1,SR16A-PC-HSTR-07:I,SR16A-PC-HSTR-07:SETI,16,7,116,3.681735e+02
HCM,1,SR17A-PC-HSTR-01:I,SR17A-PC-HSTR-01:SETI,17,1,117,3.809165e+02
HCM,1,SR17A-PC-HSTR-02:I,SR17A-PC-HSTR-02:SETI,17,2,118,3.830165e+02
HCM,1,SR17A-PC-HSTR-03:I,SR17A-PC-HSTR-03:SETI,17,3,119,3.862325e+02
HCM,1,SR17A-PC-HSTR-04:I,SR17A-PC-HSTR-04:SETI,17,4,120,3.873700e+02
HCM,1,SR17A-PC-HSTR-05:I,SR17A-PC-HSTR-05:SETI,17,5,121,3.884075e+02
HCM,1,SR17A-PC-HSTR-06:I,SR17A-PC-HSTR-06:SETI,17,6,122,3.917235e+02
HCM,1,SR17A-PC-HSTR-07:I,SR17A-PC-HSTR-07:SETI,17,7,123,3.938235e+02
HCM,1,SR18A-PC-HSTR-01:I,SR18A-PC-HSTR-01:SETI,18,1,124,4.035665e+02
HCM,1,SR18A-PC-HSTR-02:I,SR18A-PC-HSTR-02:SETI,18,2,125,4.056665e+02
HCM,1,SR18A-PC-HSTR-03:I,SR18A-PC-HSTR-03:SETI,18,3,126,4.088825e+02
HCM,1,SR18A-PC-HSTR-04:I,SR18A-PC-HSTR-04:SETI,18,4,127,4.100200e+02
HCM,1,SR18A-PC-HSTR-05:I,SR18A-PC-HSTR-05:SETI,18,5,128,4.110575e+02
HCM,1,SR18A-PC-HSTR-06:I,SR18A-PC-HSTR-06:SETI,18,6,129,4.143735e+02
HCM,1,SR18A-PC-HSTR-07:I,SR18A-PC-HSTR-07:SETI,18,7,130,4.164735e+02
HCM,1,SR19A-PC-HSTR-01:I,SR19A-PC-HSTR-01:SETI,19,1,131,4.262165e+02
HCM,1,SR19A-PC-HSTR-02:I,SR19A-PC-HSTR-02:SETI,19,2,132,4.283165e+02
HCM,1,SR19A-PC-HSTR-03:I,SR19A-PC-HSTR-03:SETI,19,3,133,4.315325e+02
HCM,1,SR19A-PC-HSTR-04:I,SR19A-PC-HSTR-04:SETI,19,4,134,4.326700e+02
HCM,1,SR19A-PC-HSTR-05:I,SR19A-PC-HSTR-05:SETI,19,5,135,4.337075e+02
HCM,1,SR19A-PC-HSTR-06:I,SR19A-PC-HSTR-06:SETI,19,6,136,4.370235e+02
HCM,1,SR19A-PC-HSTR-07:I,SR19A-PC-HSTR-07:SETI,19,7,137,4.391235e+02
HCM,1,SR20A-PC-HSTR-01:I,SR20A-PC-HSTR-01:SETI,20,1,138,4.488665e+02
HCM,1,SR20A-PC-HSTR-02:I,SR20A-PC-HSTR-02:SETI,20,2,139,4.509665e+02
HCM,1,SR20A-PC-HSTR-03:I,SR20A-PC-HSTR-03:SETI,20,3,140,4.541825e+02
HCM,1,SR20A-PC-HSTR-04:I,SR20A-PC-HSTR-04:SETI,20,4,141,4.553200e+02
HCM,1,SR20A-PC-HSTR-05:I,SR20A-PC-HSTR-05:SETI,20,5,142,4.563575e+02
HCM,1,SR20A-PC-HSTR-06:I,SR20A-PC-HSTR-06:SETI,20,6,143,4.596735e+02
HCM,1,SR20A-PC-HSTR-07:I,SR20A-PC-HSTR-07:SETI,20,7,144,4.617735e+02
HCM,1,SR21A-PC-HSTR-01:I,SR21A-PC-HSTR-01:SETI,21,1,145,4.745165e+02
HCM,1,SR21A-PC-HSTR-02:I,SR21A-PC-HSTR-02:SETI,21,2,146,4.766165e+02
HCM,1,SR21A-PC-HSTR-03:I,SR21A-PC-HSTR-03:SETI,21,3,147,4.798325e+02
HCM,1,SR21A-PC-HSTR-04:I,SR21A-PC-HSTR-04:SETI,21,4,148,4.809700e+02
HCM,1,SR21A-PC-HSTR-05:I,SR21A-PC-HSTR-05:SETI,21,5,149,4.820075e+02
HCM,1,SR21A-PC-HSTR-06:I,SR21A-PC-HSTR-06:SETI,21,6,150,4.853235e+02
HCM,1,SR21A-PC-HSTR-07:I,SR21A-PC-HSTR-07:SETI,21,7,151,4.874235e+02
HCM,1,SR22A-PC-HSTR-01:I,SR22A-PC-HSTR-01:SETI,22,1,152,4.971665e+02
HCM,1,SR22A-PC-HSTR-02:I,SR22A-PC-HSTR-02:SETI,22,2,153,4.992665e+02
HCM,1,SR22A-PC-HSTR-03:I,SR22A-PC-HSTR-03:SETI,22,3,154,5.024825e+02
HCM,1,SR22A-PC-HSTR-04:I,SR22A-PC-HSTR-04:SETI,22,4,155,5.036200e+02
HCM,1,SR22A-PC-HSTR-05:I,SR22A-PC-HSTR-05:SETI,22,5,156,5.046575e+02
HCM,1,SR22A-PC-HSTR-06:I,SR22A-PC-HSTR-06:SETI,22,6,157,5.079735e+02
HCM,1,SR22A-PC-HSTR-07:I,SR22A-PC-HSTR-07:SETI,22,7,158,5.100735e+02
HCM,1,SR23A-PC-HSTR-01:I,SR23A-PC-HSTR-01:SETI,23,1,159,5.198165e+02
HCM,1,SR23A-PC-HSTR-02:I,SR23A-PC-HSTR-02:SETI,23,2,160,5.219165e+02
HCM,1,SR23A-PC-HSTR-03:I,SR23A-PC-HSTR-03:SETI,23,3,161,5.251325e+02
HCM,1,SR23A-PC-HSTR-04:I,SR23A-PC-HSTR-04:SETI,23,4,162,5.262700e+02
HCM,1,SR23A-PC-HSTR-05:I,SR23A-PC-HSTR-05:SETI,23,5,163,5.273075e+02
HCM,1,SR23A-PC-HSTR-06:I,SR23A-PC-HSTR-06:SETI,23,6,164,5.306235e+02
HCM,1,SR23A-PC-HSTR-07:I,SR23A-PC-HSTR-07:SETI,23,7,165,5.327235e+02
HCM,1,SR24A-PC-HSTR-01:I,SR24A-PC-HSTR-01:SETI,24,1,166,5.424665e+02
HCM,1,SR24A-PC-HSTR-02:I,SR24A-PC-HSTR-02:SETI,24,2,167,5.445665e+02
HCM,1,SR24A-PC-HSTR-03:I,SR24A-PC-HSTR-03:SETI,24,3,168,5.477825e+02
HCM,1,SR24A-PC-HSTR-04:I,SR24A-PC-HSTR-04:SETI,24,4,169,5.489200e+02
HCM,1,SR24A-PC-HSTR-05:I,SR24A-PC-HSTR-05:SETI,24,5,170,5.499575e+02
HCM,1,SR24A-PC-HSTR-06:I,SR24A-PC-HSTR-06:SETI,24,6,171,5.532735e+02
HCM,1,SR24A-PC-HSTR-07:I,SR24A-PC-HSTR-07:SETI,24,7,172,5.553735e+02
VCM,1,SR01A-PC-VSTR-01:I,SR01A-PC-VSTR-01:SETI,1,1,1,6.516500e+00
VCM,1,SR01A-PC-VSTR-02:I,SR01A-PC-VSTR-02:SETI,1,2,2,8.616500e+00
VCM,1,SR01A-PC-VSTR-03:I,SR01A-PC-VSTR-03:SETI,1,3,3,1.183250e+01
VCM,1,SR01A-PC-VSTR-04:I,SR01A-PC-VSTR-04:SETI,1,4,4,1.297000e+01
VCM,1,SR01A-PC-VSTR-05:I,SR01A-PC-VSTR-05:SETI,1,5,5,1.400750e+01
VCM,1,SR01A-PC-VSTR-06:I,SR01A-PC-VSTR-06:SETI,1,6,6,1.732350e+01
VCM,1,SR01A-PC-VSTR-07:I,SR01A-PC-VSTR-07:SETI,1,7,7,1.942350e+01
VCM,1,SR02A-PC-VSTR-01:I,SR02A-PC-VSTR-01:SETI,2,1,8,2.916650e+01
VCM,1,SR02A-PC-VSTR-02:I,SR02A-PC-VSTR-02:SETI,2,2,9,3.126650e+01
VCM,1,SR02A-PC-VSTR-03:I,SR02A-PC-VSTR-03:SETI,2,3,10,3.448250e+01
VCM,1,SR02A-PC-VSTR-04:I,SR02A-PC-VSTR-04:SETI,2,4,11,3.562000e+01
VCM,1,SR02A-PC-VSTR-05:I,SR02A-PC-VSTR-05:SETI,2,5,12,3.665750e+01
VCM,1,SR02A-PC-VSTR-06:I,SR02A-PC-VSTR-06:SETI,2,6,13,3.997350e+01
VCM,1,SR02A-PC-VSTR-07:I,SR02A-PC-VSTR-07:SETI,2,7,14,4.207350e+01
VCM,1,SR03A-PC-VSTR-01:I,SR03A-PC-VSTR-01:SETI,3,1,15,5.181650e+01
VCM,1,SR03A-PC-VSTR-02:I,SR03A-PC-VSTR-02:SETI,3,2,16,5.391650e+01
VCM,1,SR03A-PC-VSTR-03:I,SR03A-PC-VSTR-03:SETI,3,3,17,5.713250e+01
VCM,1,SR03A-PC-VSTR-04:I,SR03A-PC-VSTR-04:SETI,3,4,18,5.827000e+01
VCM,1,SR03A-PC-VSTR-05:I,SR03A-PC-VSTR-05:SETI,3,5,19,5.930750e+01
VCM,1,SR03A-PC-VSTR-06:I,SR03A-PC-VSTR-06:SETI,3,6,20,6.262350e+01
VCM,1,SR03A-PC-VSTR-07:I,SR03A-PC-VSTR-07:SETI,3,7,21,6.472350e+01
VCM,1,SR04A-PC-VSTR-01:I,SR04A-PC-VSTR-01:SETI,4,1,22,7.446650e+01
VCM,1,SR04A-PC-VSTR-02:I,SR04A-PC-VSTR-02:SETI,4,2,23,7.656650e+01
VCM,1,SR04A-PC-VSTR-03:I,SR04A-PC-VSTR-03:SETI,4,3,24,7.978250e+01
VCM,1,SR04A-PC-VSTR-04:I,SR04A-PC-VSTR-04:SETI,4,4,25,8.092000e+01
VCM,1,SR04A-PC-VSTR-05:I,SR04A-PC-VSTR-05:SETI,4,5,26,8.195750e+01
VCM,1,SR04A-PC-VSTR-06:I,SR04A-PC-VSTR-06:SETI,4,6,27,8.527350e+01
VCM,1,SR04A-PC-VSTR-07:I,SR04A-PC-VSTR-07:SETI,4,7,28,8.737350e+01
VCM,1,SR05A-PC-VSTR-01:I,SR05A-PC-VSTR-01:SETI,5,1,29,1.001165e+02
VCM,1,SR05A-PC-VSTR-02:I,SR05A-PC-VSTR-02:SETI,5,2,30,1.022165e+02
VCM,1,SR05A-PC-VSTR-03:I,SR05A-PC-VSTR-03:SETI,5,3,31,1.054325e+02
VCM,1,SR05A-PC-VSTR-04:I,SR05A-PC-VSTR-04:SETI,5,4,32,1.065700e+02
VCM,1,SR05A-PC-VSTR-05:I,SR05A-PC-VSTR-05:SETI,5,5,33,1.076075e+02
VCM,1,SR05A-PC-VSTR-06:I,SR05A-PC-VSTR-06:SETI,5,6,34,1.109235e+02
VCM,1,SR05A-PC-VSTR-07:I,SR05A-PC-VSTR-07:SETI,5,7,35,1.130235e+02
VCM,1,SR06A-PC-VSTR-01:I,SR06A-PC-VSTR-01:SETI,6,1,36,1.227665e+02
VCM,1,SR06A-PC-VSTR-02:I,SR06A-PC-VSTR-02:SETI,6,2,37,1.248665e+02
VCM,1,SR06A-PC-VSTR-03:I,SR06A-PC-VSTR-03:SETI,6,3,38,1.280825e+02
VCM,1,SR06A-PC-VSTR-04:I,SR06A-PC-VSTR-04:SETI,6,4,39,1.292200e+02
VCM,1,SR06A-PC-VSTR-05:I,SR06A-PC-VSTR-05:SETI,6,5,40,1.302575e+02
VCM,1,SR06A-PC-VSTR-06:I,SR06A-PC-VSTR-06:SETI,6,6,41,1.335735e+02
VCM,1,SR06A-PC-VSTR-07:I,SR06A-PC-VSTR-07:SETI,6,7,42,1.356735e+02
VCM,1,SR07A-PC-VSTR-01:I,SR07A-PC-VSTR-01:SETI,7,1,43,1.454165e+02
VCM,1,SR07A-PC-VSTR-02:I,SR07A-PC-VSTR-02:SETI,7,2,44,1.475165e+02
VCM,1,SR07A-PC-VSTR-03:I,SR07A-PC-VSTR-03:SETI,7,3,45,1.507325e+02
VCM,1,SR07A-PC-VSTR-04:I,SR07A-PC-VSTR-04:SETI,7,4,46,1.518700e+02
VCM,1,SR07A-PC-VSTR-05:I,SR07A-PC-VSTR-05:SETI,7,5,47,1.529075e+02
VCM,1,SR07A-PC-VSTR-06:I,SR07A-PC-VSTR-06:SETI,7,6,48,1.562235e+02
VCM,1,SR07A-PC-VSTR-07:I,SR07A-PC-VSTR-07:SETI,7,7,49,1.583235e+02
VCM,1,SR08A-PC-VSTR-01:I,SR08A-PC-VSTR-01:SETI,8,1,50,1.680665e+02
VCM,1,SR08A-PC-VSTR-02:I,SR08A-PC-VSTR-02:SETI,8,2,51,1.701665e+02
VCM,1,SR08A-PC-VSTR-03:I,SR08A-PC-VSTR-03:SETI,8,3,52,1.733825e+02
VCM,1,SR08A-PC-VSTR-04:I,SR08A-PC-VSTR-04:SETI,8,4,53,1.745200e+02
VCM,1,SR08A-PC-VSTR-05:I,SR08A-PC-VSTR-05:SETI,8,5,54,1.755575e+02
VCM,1,SR08A-PC-VSTR-06:I,SR08A-PC-VSTR-06:SETI,8,6,55,1.788735e+02
VCM,1,SR08A-PC-VSTR-07:I,SR08A-PC-VSTR-07:SETI,8,7,56,1.809735e+02
VCM,1,SR09S-PC-VSTR-01:I,SR09S-PC-VSTR-01:SETI,9.500000e+00,1,57,1.859496e+02
VCM,1,SR09S-PC-VSTR-02:I,SR09S-PC-VSTR-02:SETI,9.500000e+00,2,58,1.883732e+02
VCM,1,SR09A-PC-VSTR-01:I,SR09A-PC-VSTR-01:SETI,9,1,59,1.937165e+02
VCM,1,SR09A-PC-VSTR-02:I,SR09A-PC-VSTR-02:SETI,9,2,60,1.958165e+02
VCM,1,SR09A-PC-VSTR-03:I,SR09A-PC-VSTR-03:SETI,9,3,61,1.990325e+02
VCM,1,SR09A-PC-VSTR-04:I,SR09A-PC-VSTR-04:SETI,9,4,62,2.001700e+02
VCM,1,SR09A-PC-VSTR-05:I,SR09A-PC-VSTR-05:SETI,9,5,63,2.012075e+02
VCM,1,SR09A-PC-VSTR-06:I,SR09A-PC-VSTR-06:SETI,9,6,64,2.045235e+02
VCM,1,SR09A-PC-VSTR-07:I,SR09A-PC-VSTR-07:SETI,9,7,65,2.066235e+02
VCM,1,SR10A-PC-VSTR-01:I,SR10A-PC-VSTR-01:SETI,10,1,66,2.163665e+02
VCM,1,SR10A-PC-VSTR-02:I,SR10A-PC-VSTR-02:SETI,10,2,67,2.184665e+02
VCM,1,SR10A-PC-VSTR-03:I,SR10A-PC-VSTR-03:SETI,10,3,68,2.216825e+02
VCM,1,SR10A-PC-VSTR-04:I,SR10A-PC-VSTR-04:SETI,10,4,69,2.228200e+02
VCM,1,SR10A-PC-VSTR-05:I,SR10A-PC-VSTR-05:SETI,10,5,70,2.238575e+02
VCM,1,SR10A-PC-VSTR-06:I,SR10A-PC-VSTR-06:SETI,10,6,71,2.271735e+02
VCM,1,SR10A-PC-VSTR-07:I,SR10A-PC-VSTR-07:SETI,10,7,72,2.292735e+02
VCM,1,SR11A-PC-VSTR-01:I,SR11A-PC-VSTR-01:SETI,11,1,73,2.390165e+02
VCM,1,SR11A-PC-VSTR-02:I,SR11A-PC-VSTR-02:SETI,11,2,74,2.411165e+02
VCM,1,SR11A-PC-VSTR-03:I,SR11A-PC-VSTR-03:SETI,11,3,75,2.443325e+02
VCM,1,SR11A-PC-VSTR-04:I,SR11A-PC-VSTR-04:SETI,11,4,76,2.454700e+02
VCM,1,SR11A-PC-VSTR-05:I,SR11A-PC-VSTR-05:SETI,11,5,77,2.465075e+02
VCM,1,SR11A-PC-VSTR-06:I,SR11A-PC-VSTR-06:SETI,11,6,78,2.498235e+02
VCM,1,SR11A-PC-VSTR-07:I,SR11A-PC-VSTR-07:SETI,11,7,79,2.519235e+02
VCM,1,SR12A-PC-VSTR-01:I,SR12A-PC-VSTR-01:SETI,12,1,80,2.616665e+02
VCM,1,SR12A-PC-VSTR-02:I,SR12A-PC-VSTR-02:SETI,12,2,81,2.637665e+02
VCM,1,SR12A-PC-VSTR-03:I,SR12A-PC-VSTR-03:SETI,12,3,82,2.669825e+02
VCM,1,SR12A-PC-VSTR-04:I,SR12A-PC-VSTR-04:SETI,12,4,83,2.681200e+02
VCM,1,SR12A-PC-VSTR-05:I,SR12A-PC-VSTR-05:SETI,12,5,84,2.691575e+02
VCM,1,SR12A-PC-VSTR-06:I,SR12A-PC-VSTR-06:SETI,12,6,85,2.724735e+02
VCM,1,SR12A-PC-VSTR-07:I,SR12A-PC-VSTR-07:SETI,12,7,86,2.745735e+02
VCM,1,SR13S-PC-VSTR-01:I,SR13S-PC-VSTR-01:SETI,1.350000e+01,1,87,2.795492e+02
VCM,1,SR13S-PC-VSTR-02:I,SR13S-PC-VSTR-02:SETI,1.350000e+01,2,88,2.819736e+02
VCM,1,SR13A-PC-VSTR-01:I,SR13A-PC-VSTR-01:SETI,13,1,89,2.873165e+02
VCM,1,SR13A-PC-VSTR-02:I,SR13A-PC-VSTR-02:SETI,13,2,90,2.894165e+02
VCM,1,SR13A-PC-VSTR-03:I,SR13A-PC-VSTR-03:SETI,13,3,91,2.926325e+02
VCM,1,SR13A-PC-VSTR-04:I,SR13A-PC-VSTR-04:SETI,13,4,92,2.937700e+02
VCM,1,SR13A-PC-VSTR-05:I,SR13A-PC-VSTR-05:SETI,13,5,93,2.948075e+02
VCM,1,SR13A-PC-VSTR-06:I,SR13A-PC-VSTR-06:SETI,13,6,94,2.981235e+02
VCM,1,SR13A-PC-VSTR-07:I,SR13A-PC-VSTR-07:SETI,13,7,95,3.002235e+02
VCM,1,SR14A-PC-VSTR-01:I,SR14A-PC-VSTR-01:SETI,14,1,96,3.099665e+02
VCM,1,SR14A-PC-VSTR-02:I,SR14A-PC-VSTR-02:SETI,14,2,97,3.120665e+02
VCM,1,SR14A-PC-VSTR-03:I,SR14A-PC-VSTR-03:SETI,14,3,98,3.152825e+02
VCM,1,SR14A-PC-VSTR-04:I,SR14A-PC-VSTR-04:SETI,14,4,99,3.164200e+02
VCM,1,SR14A-PC-VSTR-05:I,SR14A-PC-VSTR-05:SETI,14,5,100,3.174575e+02
VCM,1,SR14A-PC-VSTR-06:I,SR14A-PC-VSTR-06:SETI,14,6,101,3.207735e+02
VCM,1,SR14A-PC-VSTR-07:I,SR14A-PC-VSTR-07:SETI,14,7,102,3.228735e+02
VCM,1,SR15A-PC-VSTR-01:I,SR15A-PC-VSTR-01:SETI,15,1,103,3.326165e+02
VCM,1,SR15A-PC-VSTR-02:I,SR15A-PC-VSTR-02:SETI,15,2,104,3.347165e+02
VCM,1,SR15A-PC-VSTR-03:I,SR15A-PC-VSTR-03:SETI,15,3,105,3.379325e+02
VCM,1,SR15A-PC-VSTR-04:I,SR15A-PC-VSTR-04:SETI,15,4,106,3.390700e+02
VCM,1,SR15A-PC-VSTR-05:I,SR15A-PC-VSTR-05:SETI,15,5,107,3.401075e+02
VCM,1,SR15A-PC-VSTR-06:I,SR15A-PC-VSTR-06:SETI,15,6,108,3.434235e+02
VCM,1,SR15A-PC-VSTR-07:I,SR15A-PC-VSTR-07:SETI,15,7,109,3.455235e+02
VCM,1,SR16A-PC-VSTR-01:I,SR16A-PC-VSTR-01:SETI,16,1,110,3.552665e+02
VCM,1,SR16A-PC-VSTR-02:I,SR16A-PC-VSTR-02:SETI,16,2,111,3.573665e+02
VCM,1,SR16A-PC-VSTR-03:I,SR16A-PC-VSTR-03:SETI,16,3,112,3.605825e+02
VCM,1,SR16A-PC-VSTR-04:I,SR16A-PC-VSTR-04:SETI,16,4,113,3.617200e+02
VCM,1,SR16A-PC-VSTR-05:I,SR16A-PC-VSTR-05:SETI,16,5,114,3.627575e+02
VCM,1,SR16A-PC-VSTR-06:I,SR16A-PC-VSTR-06:SETI,16,6,115,3.660735e+02
VCM,1,SR16A-PC-VSTR-07:I,SR16A-PC-VSTR-07:SETI,16,7,116,3.681735e+02
VCM,1,SR17A-PC-VSTR-01:I,SR17A-PC-VSTR-01:SETI,17,1,117,3.809165e+02
VCM,1,SR17A-PC-VSTR-02:I,SR17A-PC-VSTR-02:SETI,17,2,118,3.830165e+02
VCM,1,SR17A-PC-VSTR-03:I,SR17A-PC-VSTR-03:SETI,17,3,119,3.862325e+02
VCM,1,SR17A-PC-VSTR-04:I,SR17A-PC-VSTR-04:SETI,17,4,120,3.873700e+02
VCM,1,SR17A-PC-VSTR-05:I,SR17A-PC-VSTR-05:SETI,17,5,121,3.884075e+02
VCM,1,SR17A-PC-VSTR-06:I,SR17A-PC-VSTR-06:SETI,17,6,122,3.917235e+02
VCM,1,SR17A-PC-VSTR-07:I,SR17A-PC-VSTR-07:SETI,17,7,123,3.938235e+02
VCM,1,SR18A-PC-VSTR-01:I,SR18A-PC-VSTR-01:SETI,18,1,124,4.035665e+02
VCM,1,SR18A-PC-VSTR-02:I,SR18A-PC-VSTR-02:SETI,18,2,125,4.056665e+02
VCM,1,SR18A-PC-VSTR-03:I,SR18A-PC-VSTR-03:SETI,18,3,126,4.088825e+02
VCM,1,SR18A-PC-VSTR-04:I,SR18A-PC-VSTR-04:SETI,18,4,127,4.100200e+02
VCM,1,SR18A-PC-VSTR-05:I,SR18A-PC-VSTR-05:SETI,18,5,128,4.110575e+02
VCM,1,SR18A-PC-VSTR-06:I,SR18A-PC-VSTR-06:SETI,18,6,129,4.143735e+02
VCM,1,SR18A-PC-VSTR-07:I,SR18A-PC-VSTR-07:SETI,18,7,130,4.164735e+02
VCM,1,SR19A-PC-VSTR-01:I,SR19A-PC-VSTR-01:SETI,19,1,131,4.262165e+02
VCM,1,SR19A-PC-VSTR-02:I,SR19A-PC-VSTR-02:SETI,19,2,132,4.283165e+02
VCM,1,SR19A-PC-VSTR-03:I,SR19A-PC-VSTR-03:SETI,19,3,133,4.315325e+02
VCM,1,SR19A-PC-VSTR-04:I,SR19A-PC-VSTR-04:SETI,19,4,134,4.326700e+02
VCM,1,SR19A-PC-VSTR-05:I,SR19A-PC-VSTR-05:SETI,19,5,135,4.337075e+02
VCM,1,SR19A-PC-VSTR-06:I,SR19A-PC-VSTR-06:SETI,19,6,136,4.370235e+02
VCM,1,SR19A-PC-VSTR-07:I,SR19A-PC-VSTR-07:SETI,19,7,137,4.391235e+02
VCM,1,SR20A-PC-VSTR-01:I,SR20A-PC-VSTR-01:SETI,20,1,138,4.488665e+02
VCM,1,SR20A-PC-VSTR-02:I,SR20A-PC-VSTR-02:SETI,20,2,139,4.509665e+02
VCM,1,SR20A-PC-VSTR-03:I,SR20A-PC-VSTR-03:SETI,20,3,140,4.541825e+02
VCM,1,SR20A-PC-VSTR-04:I,SR20A-PC-VSTR-04:SETI,20,4,141,4.553200e+02
VCM,1,SR20A-PC-VSTR-05:I,SR20A-PC-VSTR-05:SETI,20,5,142,4.563575e+02
VCM,1,SR20A-PC-VSTR-06:I,SR20A-PC-VSTR-06:SETI,20,6,143,4.596735e+02
VCM,1,SR20A-PC-VSTR-07:I,SR20A-PC-VSTR-07:SETI,20,7,144,4.617735e+02
VCM,1,SR21A-PC-VSTR-01:I,SR21A-PC-VSTR-01:SETI,21,1,145,4.745165e+02
VCM,1,SR21A-PC-VSTR-02:I,SR21A-PC-VSTR-02:SETI,21,2,146,4.766165e+02
VCM,1,SR21A-PC-VSTR-03:I,SR21A-PC-VSTR-03:SETI,21,3,147,4.798325e+02
VCM,1,SR21A-PC-VSTR-04:I,SR21A-PC-VSTR-04:SETI,21,4,148,4.809700e+02
VCM,1,SR21A-PC-VSTR-05:I,SR21A-PC-VSTR-05:SETI,21,5,149,4.820075e+02
VCM,1,SR21A-PC-VSTR-06:I,SR21A-PC-VSTR-06:SETI,21,6,150,4.853235e+02
VCM,1,SR21A-PC-VSTR-07:I,SR21A-PC-VSTR-07:SETI,21,7,151,4.874235e+02
VCM,1,SR22A-PC-VSTR-01:I,SR22A-PC-VSTR-01:SETI,22,1,152,4.971665e+02
VCM,1,SR22A-PC-VSTR-02:I,SR22A-PC-VSTR-02:SETI,22,2,153,4.992665e+02
VCM,1,SR22A-PC-VSTR-03:I,SR22A-PC-VSTR-03:SETI,22,3,154,5.024825e+02
VCM,1,SR22A-PC-VSTR-04:I,SR22A-PC-VSTR-04:SETI,22,4,155,5.036200e+02
VCM,1,SR22A-PC-VSTR-05:I,SR22A-PC-VSTR-05:SETI,22,5,156,5.046575e+02
VCM,1,SR22A-PC-VSTR-06:I,SR22A-PC-VSTR-06:SETI,22,6,157,5.079735e+02
VCM,1,SR22A-PC-VSTR-07:I,SR22A-PC-VSTR-07:SETI,22,7,158,5.100735e+02
VCM,1,SR23A-PC-VSTR-01:I,SR23A-PC-VSTR-01:SETI,23,1,159,5.198165e+02
VCM,1,SR23A-PC-VSTR-02:I,SR23A-PC-VSTR-02:SETI,23,2,160,5.219165e+02
VCM,1,SR23A-PC-VSTR-03:I,SR23A-PC-VSTR-03:SETI,23,3,161,5.251325e+02
VCM,1,SR23A-PC-VSTR-04:I,SR23A-PC-VSTR-04:SETI,23,4,162,5.262700e+02
VCM,1,SR23A-PC-VSTR-05:I,SR23A-PC-VSTR-05:SETI,23,5,163,5.273075e+02
VCM,1,SR23A-PC-VSTR-06:I,SR23A-PC-VSTR-06:SETI,23,6,164,5.306235e+02
VCM,1,SR23A-PC-VSTR-07:I,SR23A-PC-VSTR-07:SETI,23,7,165,5.327235e+02
VCM,1,SR24A-PC-VSTR-01:I,SR24A-PC-VSTR-01:SETI,24,1,166,5.424665e+02
VCM,1,SR24A-PC-VSTR-02:I,SR24A-PC-VSTR-02:SETI,24,2,167,5.445665e+02
VCM,1,SR24A-PC-VSTR-03:I,SR24A-PC-VSTR-03:SETI,24,3,168,5.477825e+02
VCM,1,SR24A-PC-VSTR-04:I,SR24A-PC-VSTR-04:SETI,24,4,169,5.489200e+02
VCM,1,SR24A-PC-VSTR-05:I,SR24A-PC-VSTR-05:SETI,24,5,170,5.499575e+02
VCM,1,SR24A-PC-VSTR-06:I,SR24A-PC-VSTR-06:SETI,24,6,171,5.532735e+02
VCM,1,SR24A-PC-VSTR-07:I,SR24A-PC-VSTR-07:SETI,24,7,172,5.553735e+02
QUAD_,1,SR01A-PC-Q1D-01:I,SR01A-PC-Q1D-01:SETI,1,1,1,5.668300e+00
QUAD_,1,SR01A-PC-Q2D-02:I,SR01A-PC-Q2D-02:SETI,1,2,2,6.753350e+00
QUAD_,1,SR01A-PC-Q3D-03:I,SR01A-PC-Q3D-03:SETI,1,3,3,7.818000e+00
QUAD_,1,SR01A-PC-Q2AD-04:I,SR01A-PC-Q2AD-04:SETI,1,4,4,1.080930e+01
QUAD_,1,SR01A-PC-Q1AD-05:I,SR01A-PC-Q1AD-05:SETI,1,5,5,1.203270e+01
QUAD_,1,SR01A-PC-Q1AB-06:I,SR01A-PC-Q1AB-06:SETI,1,6,6,1.320970e+01
QUAD_,1,SR01A-PC-Q2AB-07:I,SR01A-PC-Q2AB-07:SETI,1,7,7,1.443430e+01
QUAD_,1,SR01A-PC-Q3B-08:I,SR01A-PC-Q3B-08:SETI,1,8,8,1.752500e+01
QUAD_,1,SR01A-PC-Q2B-09:I,SR01A-PC-Q2B-09:SETI,1,9,9,1.829035e+01
QUAD_,1,SR01A-PC-Q1B-10:I,SR01A-PC-Q1B-10:SETI,1,10,10,1.957530e+01
QUAD_,1,SR02A-PC-Q1B-01:I,SR02A-PC-Q1B-01:SETI,2,1,11,2.831830e+01
QUAD_,1,SR02A-PC-Q2B-02:I,SR02A-PC-Q2B-02:SETI,2,2,12,2.940335e+01
QUAD_,1,SR02A-PC-Q3B-03:I,SR02A-PC-Q3B-03:SETI,2,3,13,3.046800e+01
QUAD_,1,SR02A-PC-Q2AB-04:I,SR02A-PC-Q2AB-04:SETI,2,4,14,3.345930e+01
QUAD_,1,SR02A-PC-Q1AB-05:I,SR02A-PC-Q1AB-05:SETI,2,5,15,3.468270e+01
QUAD_,1,SR02A-PC-Q1AB-06:I,SR02A-PC-Q1AB-06:SETI,2,6,16,3.585970e+01
QUAD_,1,SR02A-PC-Q2AB-07:I,SR02A-PC-Q2AB-07:SETI,2,7,17,3.708430e+01
QUAD_,1,SR02A-PC-Q3B-08:I,SR02A-PC-Q3B-08:SETI,2,8,18,4.017500e+01
QUAD_,1,SR02A-PC-Q2B-09:I,SR02A-PC-Q2B-09:SETI,2,9,19,4.094035e+01
QUAD_,1,SR02A-PC-Q1B-10:I,SR02A-PC-Q1B-10:SETI,2,10,20,4.222530e+01
QUAD_,1,SR03A-PC-Q1B-01:I,SR03A-PC-Q1B-01:SETI,3,1,21,5.096830e+01
QUAD_,1,SR03A-PC-Q2B-02:I,SR03A-PC-Q2B-02:SETI,3,2,22,5.205335e+01
QUAD_,1,SR03A-PC-Q3B-03:I,SR03A-PC-Q3B-03:SETI,3,3,23,5.311800e+01
QUAD_,1,SR03A-PC-Q2AB-04:I,SR03A-PC-Q2AB-04:SETI,3,4,24,5.610930e+01
QUAD_,1,SR03A-PC-Q1AB-05:I,SR03A-PC-Q1AB-05:SETI,3,5,25,5.733270e+01
QUAD_,1,SR03A-PC-Q1AB-06:I,SR03A-PC-Q1AB-06:SETI,3,6,26,5.850970e+01
QUAD_,1,SR03A-PC-Q2AB-07:I,SR03A-PC-Q2AB-07:SETI,3,7,27,5.973430e+01
QUAD_,1,SR03A-PC-Q3B-08:I,SR03A-PC-Q3B-08:SETI,3,8,28,6.282500e+01
QUAD_,1,SR03A-PC-Q2B-09:I,SR03A-PC-Q2B-09:SETI,3,9,29,6.359035e+01
QUAD_,1,SR03A-PC-Q1B-10:I,SR03A-PC-Q1B-10:SETI,3,10,30,6.487530e+01
QUAD_,1,SR04A-PC-Q1B-01:I,SR04A-PC-Q1B-01:SETI,4,1,31,7.361830e+01
QUAD_,1,SR04A-PC-Q2B-02:I,SR04A-PC-Q2B-02:SETI,4,2,32,7.470335e+01
QUAD_,1,SR04A-PC-Q3B-03:I,SR04A-PC-Q3B-03:SETI,4,3,33,7.576800e+01
QUAD_,1,SR04A-PC-Q2AB-04:I,SR04A-PC-Q2AB-04:SETI,4,4,34,7.875930e+01
QUAD_,1,SR04A-PC-Q1AB-05:I,SR04A-PC-Q1AB-05:SETI,4,5,35,7.998270e+01
QUAD_,1,SR04A-PC-Q1AD-06:I,SR04A-PC-Q1AD-06:SETI,4,6,36,8.115970e+01
QUAD_,1,SR04A-PC-Q2AD-07:I,SR04A-PC-Q2AD-07:SETI,4,7,37,8.238430e+01
QUAD_,1,SR04A-PC-Q3D-08:I,SR04A-PC-Q3D-08:SETI,4,8,38,8.547500e+01
QUAD_,1,SR04A-PC-Q2D-09:I,SR04A-PC-Q2D-09:SETI,4,9,39,8.624035e+01
QUAD_,1,SR04A-PC-Q1D-10:I,SR04A-PC-Q1D-10:SETI,4,10,40,8.752530e+01
QUAD_,1,SR05A-PC-Q1D-01:I,SR05A-PC-Q1D-01:SETI,5,1,41,9.926830e+01
QUAD_,1,SR05A-PC-Q2D-02:I,SR05A-PC-Q2D-02:SETI,5,2,42,1.003533e+02
QUAD_,1,SR05A-PC-Q3D-03:I,SR05A-PC-Q3D-03:SETI,5,3,43,1.014180e+02
QUAD_,1,SR05A-PC-Q2AD-04:I,SR05A-PC-Q2AD-04:SETI,5,4,44,1.044093e+02
QUAD_,1,SR05A-PC-Q1AD-05:I,SR05A-PC-Q1AD-05:SETI,5,5,45,1.056327e+02
QUAD_,1,SR05A-PC-Q1AB-06:I,SR05A-PC-Q1AB-06:SETI,5,6,46,1.068097e+02
QUAD_,1,SR05A-PC-Q2AB-07:I,SR05A-PC-Q2AB-07:SETI,5,7,47,1.080343e+02
QUAD_,1,SR05A-PC-Q3B-08:I,SR05A-PC-Q3B-08:SETI,5,8,48,1.111250e+02
QUAD_,1,SR05A-PC-Q2B-09:I,SR05A-PC-Q2B-09:SETI,5,9,49,1.118903e+02
QUAD_,1,SR05A-PC-Q1B-10:I,SR05A-PC-Q1B-10:SETI,5,10,50,1.131753e+02
QUAD_,1,SR06A-PC-Q1B-01:I,SR06A-PC-Q1B-01:SETI,6,1,51,1.219183e+02
QUAD_,1,SR06A-PC-Q2B-02:I,SR06A-PC-Q2B-02:SETI,6,2,52,1.230034e+02
QUAD_,1,SR06A-PC-Q3B-03:I,SR06A-PC-Q3B-03:SETI,6,3,53,1.240680e+02
QUAD_,1,SR06A-PC-Q2AB-04:I,SR06A-PC-Q2AB-04:SETI,6,4,54,1.270593e+02
QUAD_,1,SR06A-PC-Q1AB-05:I,SR06A-PC-Q1AB-05:SETI,6,5,55,1.282827e+02
QUAD_,1,SR06A-PC-Q1AB-06:I,SR06A-PC-Q1AB-06:SETI,6,6,56,1.294597e+02
QUAD_,1,SR06A-PC-Q2AB-07:I,SR06A-PC-Q2AB-07:SETI,6,7,57,1.306843e+02
QUAD_,1,SR06A-PC-Q3B-08:I,SR06A-PC-Q3B-08:SETI,6,8,58,1.337750e+02
QUAD_,1,SR06A-PC-Q2B-09:I,SR06A-PC-Q2B-09:SETI,6,9,59,1.345403e+02
QUAD_,1,SR06A-PC-Q1B-10:I,SR06A-PC-Q1B-10:SETI,6,10,60,1.358253e+02
QUAD_,1,SR07A-PC-Q1B-01:I,SR07A-PC-Q1B-01:SETI,7,1,61,1.445683e+02
QUAD_,1,SR07A-PC-Q2B-02:I,SR07A-PC-Q2B-02:SETI,7,2,62,1.456534e+02
QUAD_,1,SR07A-PC-Q3B-03:I,SR07A-PC-Q3B-03:SETI,7,3,63,1.467180e+02
QUAD_,1,SR07A-PC-Q2AB-04:I,SR07A-PC-Q2AB-04:SETI,7,4,64,1.497093e+02
QUAD_,1,SR07A-PC-Q1AB-05:I,SR07A-PC-Q1AB-05:SETI,7,5,65,1.509327e+02
QUAD_,1,SR07A-PC-Q1AB-06:I,SR07A-PC-Q1AB-06:SETI,7,6,66,1.521097e+02
QUAD_,1,SR07A-PC-Q2AB-07:I,SR07A-PC-Q2AB-07:SETI,7,7,67,1.533343e+02
QUAD_,1,SR07A-PC-Q3B-08:I,SR07A-PC-Q3B-08:SETI,7,8,68,1.564250e+02
QUAD_,1,SR07A-PC-Q2B-09:I,SR07A-PC-Q2B-09:SETI,7,9,69,1.571903e+02
QUAD_,1,SR07A-PC-Q1B-10:I,SR07A-PC-Q1B-10:SETI,7,10,70,1.584753e+02
QUAD_,1,SR08A-PC-Q1B-01:I,SR08A-PC-Q1B-01:SETI,8,1,71,1.672183e+02
QUAD_,1,SR08A-PC-Q2B-02:I,SR08A-PC-Q2B-02:SETI,8,2,72,1.683033e+02
QUAD_,1,SR08A-PC-Q3B-03:I,SR08A-PC-Q3B-03:SETI,8,3,73,1.693680e+02
QUAD_,1,SR08A-PC-Q2AB-04:I,SR08A-PC-Q2AB-04:SETI,8,4,74,1.723593e+02
QUAD_,1,SR08A-PC-Q1AB-05:I,SR08A-PC-Q1AB-05:SETI,8,5,75,1.735827e+02
QUAD_,1,SR08A-PC-Q1AD-06:I,SR08A-PC-Q1AD-06:SETI,8,6,76,1.747597e+02
QUAD_,1,SR08A-PC-Q2AD-07:I,SR08A-PC-Q2AD-07:SETI,8,7,77,1.759843e+02
QUAD_,1,SR08A-PC-Q3D-08:I,SR08A-PC-Q3D-08:SETI,8,8,78,1.790750e+02
QUAD_,1,SR08A-PC-Q2D-09:I,SR08A-PC-Q2D-09:SETI,8,9,79,1.798403e+02
QUAD_,1,SR08A-PC-Q1D-10:I,SR08A-PC-Q1D-10:SETI,8,10,80,1.811253e+02
QUAD_,1,SR08A-PC-QUADF-01:I,SR08A-PC-QUADF-01:SETI,9.500000e+00,1,81,1.818200e+02
QUAD_,1,SR09S-PC-QUADD-02:I,SR09S-PC-QUADD-02:SETI,9.500000e+00,2,82,1.869997e+02
QUAD_,1,SR09S-PC-QUADF-03:I,SR09S-PC-QUADF-03:SETI,9.500000e+00,3,83,1.877997e+02
QUAD_,1,SR09A-PC-QUADF-04:I,SR09A-PC-QUADF-04:SETI,9.500000e+00,4,84,1.923715e+02
QUAD_,1,SR09A-PC-Q1D-01:I,SR09A-PC-Q1D-01:SETI,9,1,85,1.928683e+02
QUAD_,1,SR09A-PC-Q2D-02:I,SR09A-PC-Q2D-02:SETI,9,2,86,1.939533e+02
QUAD_,1,SR09A-PC-Q3D-03:I,SR09A-PC-Q3D-03:SETI,9,3,87,1.950180e+02
QUAD_,1,SR09A-PC-Q2AD-04:I,SR09A-PC-Q2AD-04:SETI,9,4,88,1.980093e+02
QUAD_,1,SR09A-PC-Q1AD-05:I,SR09A-PC-Q1AD-05:SETI,9,5,89,1.992327e+02
QUAD_,1,SR09A-PC-Q1AB-06:I,SR09A-PC-Q1AB-06:SETI,9,6,90,2.004097e+02
QUAD_,1,SR09A-PC-Q2AB-07:I,SR09A-PC-Q2AB-07:SETI,9,7,91,2.016343e+02
QUAD_,1,SR09A-PC-Q3B-08:I,SR09A-PC-Q3B-08:SETI,9,8,92,2.047250e+02
QUAD_,1,SR09A-PC-Q2B-09:I,SR09A-PC-Q2B-09:SETI,9,9,93,2.054903e+02
QUAD_,1,SR09A-PC-Q1B-10:I,SR09A-PC-Q1B-10:SETI,9,10,94,2.067753e+02
QUAD_,1,SR10A-PC-Q1B-01:I,SR10A-PC-Q1B-01:SETI,10,1,95,2.155183e+02
QUAD_,1,SR10A-PC-Q2B-02:I,SR10A-PC-Q2B-02:SETI,10,2,96,2.166033e+02
QUAD_,1,SR10A-PC-Q3B-03:I,SR10A-PC-Q3B-03:SETI,10,3,97,2.176680e+02
QUAD_,1,SR10A-PC-Q2AB-04:I,SR10A-PC-Q2AB-04:SETI,10,4,98,2.206593e+02
QUAD_,1,SR10A-PC-Q1AB-05:I,SR10A-PC-Q1AB-05:SETI,10,5,99,2.218827e+02
QUAD_,1,SR10A-PC-Q1AB-06:I,SR10A-PC-Q1AB-06:SETI,10,6,100,2.230597e+02
QUAD_,1,SR10A-PC-Q2AB-07:I,SR10A-PC-Q2AB-07:SETI,10,7,101,2.242843e+02
QUAD_,1,SR10A-PC-Q3B-08:I,SR10A-PC-Q3B-08:SETI,10,8,102,2.273750e+02
QUAD_,1,SR10A-PC-Q2B-09:I,SR10A-PC-Q2B-09:SETI,10,9,103,2.281403e+02
QUAD_,1,SR10A-PC-Q1B-10:I,SR10A-PC-Q1B-10:SETI,10,10,104,2.294253e+02
QUAD_,1,SR11A-PC-Q1B-01:I,SR11A-PC-Q1B-01:SETI,11,1,105,2.381683e+02
QUAD_,1,SR11A-PC-Q2B-02:I,SR11A-PC-Q2B-02:SETI,11,2,106,2.392533e+02
QUAD_,1,SR11A-PC-Q3B-03:I,SR11A-PC-Q3B-03:SETI,11,3,107,2.403180e+02
QUAD_,1,SR11A-PC-Q2AB-04:I,SR11A-PC-Q2AB-04:SETI,11,4,108,2.433093e+02
QUAD_,1,SR11A-PC-Q1AB-05:I,SR11A-PC-Q1AB-05:SETI,11,5,109,2.445327e+02
QUAD_,1,SR11A-PC-Q1AB-06:I,SR11A-PC-Q1AB-06:SETI,11,6,110,2.457097e+02
QUAD_,1,SR11A-PC-Q2AB-07:I,SR11A-PC-Q2AB-07:SETI,11,7,111,2.469343e+02
QUAD_,1,SR11A-PC-Q3B-08:I,SR11A-PC-Q3B-08:SETI,11,8,112,2.500250e+02
QUAD_,1,SR11A-PC-Q2B-09:I,SR11A-PC-Q2B-09:SETI,11,9,113,2.507903e+02
QUAD_,1,SR11A-PC-Q1B-10:I,SR11A-PC-Q1B-10:SETI,11,10,114,2.520753e+02
QUAD_,1,SR12A-PC-Q1B-01:I,SR12A-PC-Q1B-01:SETI,12,1,115,2.608183e+02
QUAD_,1,SR12A-PC-Q2B-02:I,SR12A-PC-Q2B-02:SETI,12,2,116,2.619033e+02
QUAD_,1,SR12A-PC-Q3B-03:I,SR12A-PC-Q3B-03:SETI,12,3,117,2.629680e+02
QUAD_,1,SR12A-PC-Q2AB-04:I,SR12A-PC-Q2AB-04:SETI,12,4,118,2.659593e+02
QUAD_,1,SR12A-PC-Q1AB-05:I,SR12A-PC-Q1AB-05:SETI,12,5,119,2.671827e+02
QUAD_,1,SR12A-PC-Q1AD-06:I,SR12A-PC-Q1AD-06:SETI,12,6,120,2.683597e+02
QUAD_,1,SR12A-PC-Q2AD-07:I,SR12A-PC-Q2AD-07:SETI,12,7,121,2.695843e+02
QUAD_,1,SR12A-PC-Q3D-08:I,SR12A-PC-Q3D-08:SETI,12,8,122,2.726750e+02
QUAD_,1,SR12A-PC-Q2D-09:I,SR12A-PC-Q2D-09:SETI,12,9,123,2.734403e+02
QUAD_,1,SR12A-PC-Q1D-10:I,SR12A-PC-Q1D-10:SETI,12,10,124,2.747253e+02
QUAD_,1,SR12A-PC-QUADF-01:I,SR12A-PC-QUADF-01:SETI,1.350000e+01,1,125,2.754200e+02
QUAD_,1,SR13S-PC-QUADD-02:I,SR13S-PC-QUADD-02:SETI,1.350000e+01,2,126,2.805996e+02
QUAD_,1,SR13S-PC-QUADF-03:I,SR13S-PC-QUADF-03:SETI,1.350000e+01,3,127,2.813998e+02
QUAD_,1,SR13A-PC-QUADF-04:I,SR13A-PC-QUADF-04:SETI,1.350000e+01,4,128,2.859715e+02
QUAD_,1,SR13A-PC-Q1D-01:I,SR13A-PC-Q1D-01:SETI,13,1,129,2.864683e+02
QUAD_,1,SR13A-PC-Q2D-02:I,SR13A-PC-Q2D-02:SETI,13,2,130,2.875533e+02
QUAD_,1,SR13A-PC-Q3D-03:I,SR13A-PC-Q3D-03:SETI,13,3,131,2.886180e+02
QUAD_,1,SR13A-PC-Q2AD-04:I,SR13A-PC-Q2AD-04:SETI,13,4,132,2.916093e+02
QUAD_,1,SR13A-PC-Q1AD-05:I,SR13A-PC-Q1AD-05:SETI,13,5,133,2.928327e+02
QUAD_,1,SR13A-PC-Q1AB-06:I,SR13A-PC-Q1AB-06:SETI,13,6,134,2.940097e+02
QUAD_,1,SR13A-PC-Q2AB-07:I,SR13A-PC-Q2AB-07:SETI,13,7,135,2.952343e+02
QUAD_,1,SR13A-PC-Q3B-08:I,SR13A-PC-Q3B-08:SETI,13,8,136,2.983250e+02
QUAD_,1,SR13A-PC-Q2B-09:I,SR13A-PC-Q2B-09:SETI,13,9,137,2.990903e+02
QUAD_,1,SR13A-PC-Q1B-10:I,SR13A-PC-Q1B-10:SETI,13,10,138,3.003753e+02
QUAD_,1,SR14A-PC-Q1B-01:I,SR14A-PC-Q1B-01:SETI,14,1,139,3.091183e+02
QUAD_,1,SR14A-PC-Q2B-02:I,SR14A-PC-Q2B-02:SETI,14,2,140,3.102033e+02
QUAD_,1,SR14A-PC-Q3B-03:I,SR14A-PC-Q3B-03:SETI,14,3,141,3.112680e+02
QUAD_,1,SR14A-PC-Q2AB-04:I,SR14A-PC-Q2AB-04:SETI,14,4,142,3.142593e+02
QUAD_,1,SR14A-PC-Q1AB-05:I,SR14A-PC-Q1AB-05:SETI,14,5,143,3.154827e+02
QUAD_,1,SR14A-PC-Q1AB-06:I,SR14A-PC-Q1AB-06:SETI,14,6,144,3.166597e+02
QUAD_,1,SR14A-PC-Q2AB-07:I,SR14A-PC-Q2AB-07:SETI,14,7,145,3.178843e+02
QUAD_,1,SR14A-PC-Q3B-08:I,SR14A-PC-Q3B-08:SETI,14,8,146,3.209750e+02
QUAD_,1,SR14A-PC-Q2B-09:I,SR14A-PC-Q2B-09:SETI,14,9,147,3.217403e+02
QUAD_,1,SR14A-PC-Q1B-10:I,SR14A-PC-Q1B-10:SETI,14,10,148,3.230253e+02
QUAD_,1,SR15A-PC-Q1B-01:I,SR15A-PC-Q1B-01:SETI,15,1,149,3.317683e+02
QUAD_,1,SR15A-PC-Q2B-02:I,SR15A-PC-Q2B-02:SETI,15,2,150,3.328533e+02
QUAD_,1,SR15A-PC-Q3B-03:I,SR15A-PC-Q3B-03:SETI,15,3,151,3.339180e+02
QUAD_,1,SR15A-PC-Q2AB-04:I,SR15A-PC-Q2AB-04:SETI,15,4,152,3.369093e+02
QUAD_,1,SR15A-PC-Q1AB-05:I,SR15A-PC-Q1AB-05:SETI,15,5,153,3.381327e+02
QUAD_,1,SR15A-PC-Q1AB-06:I,SR15A-PC-Q1AB-06:SETI,15,6,154,3.393097e+02
QUAD_,1,SR15A-PC-Q2AB-07:I,SR15A-PC-Q2AB-07:SETI,15,7,155,3.405343e+02
QUAD_,1,SR15A-PC-Q3B-08:I,SR15A-PC-Q3B-08:SETI,15,8,156,3.436250e+02
QUAD_,1,SR15A-PC-Q2B-09:I,SR15A-PC-Q2B-09:SETI,15,9,157,3.443903e+02
QUAD_,1,SR15A-PC-Q1B-10:I,SR15A-PC-Q1B-10:SETI,15,10,158,3.456753e+02
QUAD_,1,SR16A-PC-Q1B-01:I,SR16A-PC-Q1B-01:SETI,16,1,159,3.544183e+02
QUAD_,1,SR16A-PC-Q2B-02:I,SR16A-PC-Q2B-02:SETI,16,2,160,3.555033e+02
QUAD_,1,SR16A-PC-Q3B-03:I,SR16A-PC-Q3B-03:SETI,16,3,161,3.565680e+02
QUAD_,1,SR16A-PC-Q2AB-04:I,SR16A-PC-Q2AB-04:SETI,16,4,162,3.595593e+02
QUAD_,1,SR16A-PC-Q1AB-05:I,SR16A-PC-Q1AB-05:SETI,16,5,163,3.607827e+02
QUAD_,1,SR16A-PC-Q1AD-06:I,SR16A-PC-Q1AD-06:SETI,16,6,164,3.619597e+02
QUAD_,1,SR16A-PC-Q2AD-07:I,SR16A-PC-Q2AD-07:SETI,16,7,165,3.631843e+02
QUAD_,1,SR16A-PC-Q3D-08:I,SR16A-PC-Q3D-08:SETI,16,8,166,3.662750e+02
QUAD_,1,SR16A-PC-Q2D-09:I,SR16A-PC-Q2D-09:SETI,16,9,167,3.670403e+02
QUAD_,1,SR16A-PC-Q1D-10:I,SR16A-PC-Q1D-10:SETI,16,10,168,3.683253e+02
QUAD_,1,SR17A-PC-Q1D-01:I,SR17A-PC-Q1D-01:SETI,17,1,169,3.800683e+02
QUAD_,1,SR17A-PC-Q2D-02:I,SR17A-PC-Q2D-02:SETI,17,2,170,3.811533e+02
QUAD_,1,SR17A-PC-Q3D-03:I,SR17A-PC-Q3D-03:SETI,17,3,171,3.822180e+02
QUAD_,1,SR17A-PC-Q2AD-04:I,SR17A-PC-Q2AD-04:SETI,17,4,172,3.852093e+02
QUAD_,1,SR17A-PC-Q1AD-05:I,SR17A-PC-Q1AD-05:SETI,17,5,173,3.864327e+02
QUAD_,1,SR17A-PC-Q1AB-06:I,SR17A-PC-Q1AB-06:SETI,17,6,174,3.876097e+02
QUAD_,1,SR17A-PC-Q2AB-07:I,SR17A-PC-Q2AB-07:SETI,17,7,175,3.888343e+02
QUAD_,1,SR17A-PC-Q3B-08:I,SR17A-PC-Q3B-08:SETI,17,8,176,3.919250e+02
QUAD_,1,SR17A-PC-Q2B-09:I,SR17A-PC-Q2B-09:SETI,17,9,177,3.926903e+02
QUAD_,1,SR17A-PC-Q1B-10:I,SR17A-PC-Q1B-10:SETI,17,10,178,3.939753e+02
QUAD_,1,SR18A-PC-Q1B-01:I,SR18A-PC-Q1B-01:SETI,18,1,179,4.027183e+02
QUAD_,1,SR18A-PC-Q2B-02:I,SR18A-PC-Q2B-02:SETI,18,2,180,4.038033e+02
QUAD_,1,SR18A-PC-Q3B-03:I,SR18A-PC-Q3B-03:SETI,18,3,181,4.048680e+02
QUAD_,1,SR18A-PC-Q2AB-04:I,SR18A-PC-Q2AB-04:SETI,18,4,182,4.078593e+02
QUAD_,1,SR18A-PC-Q1AB-05:I,SR18A-PC-Q1AB-05:SETI,18,5,183,4.090827e+02
QUAD_,1,SR18A-PC-Q1AB-06:I,SR18A-PC-Q1AB-06:SETI,18,6,184,4.102597e+02
QUAD_,1,SR18A-PC-Q2AB-07:I,SR18A-PC-Q2AB-07:SETI,18,7,185,4.114843e+02
QUAD_,1,SR18A-PC-Q3B-08:I,SR18A-PC-Q3B-08:SETI,18,8,186,4.145750e+02
QUAD_,1,SR18A-PC-Q2B-09:I,SR18A-PC-Q2B-09:SETI,18,9,187,4.153403e+02
QUAD_,1,SR18A-PC-Q1B-10:I,SR18A-PC-Q1B-10:SETI,18,10,188,4.166253e+02
QUAD_,1,SR19A-PC-Q1B-01:I,SR19A-PC-Q1B-01:SETI,19,1,189,4.253683e+02
QUAD_,1,SR19A-PC-Q2B-02:I,SR19A-PC-Q2B-02:SETI,19,2,190,4.264533e+02
QUAD_,1,SR19A-PC-Q3B-03:I,SR19A-PC-Q3B-03:SETI,19,3,191,4.275180e+02
QUAD_,1,SR19A-PC-Q2AB-04:I,SR19A-PC-Q2AB-04:SETI,19,4,192,4.305093e+02
QUAD_,1,SR19A-PC-Q1AB-05:I,SR19A-PC-Q1AB-05:SETI,19,5,193,4.317327e+02
QUAD_,1,SR19A-PC-Q1AB-06:I,SR19A-PC-Q1AB-06:SETI,19,6,194,4.329097e+02
QUAD_,1,SR19A-PC-Q2AB-07:I,SR19A-PC-Q2AB-07:SETI,19,7,195,4.341343e+02
QUAD_,1,SR19A-PC-Q3B-08:I,SR19A-PC-Q3B-08:SETI,19,8,196,4.372250e+02
QUAD_,1,SR19A-PC-Q2B-09:I,SR19A-PC-Q2B-09:SETI,19,9,197,4.379903e+02
QUAD_,1,SR19A-PC-Q1B-10:I,SR19A-PC-Q1B-10:SETI,19,10,198,4.392753e+02
QUAD_,1,SR20A-PC-Q1B-01:I,SR20A-PC-Q1B-01:SETI,20,1,199,4.480183e+02
QUAD_,1,SR20A-PC-Q2B-02:I,SR20A-PC-Q2B-02:SETI,20,2,200,4.491033e+02
QUAD_,1,SR20A-PC-Q3B-03:I,SR20A-PC-Q3B-03:SETI,20,3,201,4.501680e+02
QUAD_,1,SR20A-PC-Q2AB-04:I,SR20A-PC-Q2AB-04:SETI,20,4,202,4.531593e+02
QUAD_,1,SR20A-PC-Q1AB-05:I,SR20A-PC-Q1AB-05:SETI,20,5,203,4.543827e+02
QUAD_,1,SR20A-PC-Q1AD-06:I,SR20A-PC-Q1AD-06:SETI,20,6,204,4.555597e+02
QUAD_,1,SR20A-PC-Q2AD-07:I,SR20A-PC-Q2AD-07:SETI,20,7,205,4.567843e+02
QUAD_,1,SR20A-PC-Q3D-08:I,SR20A-PC-Q3D-08:SETI,20,8,206,4.598750e+02
QUAD_,1,SR20A-PC-Q2D-09:I,SR20A-PC-Q2D-09:SETI,20,9,207,4.606403e+02
QUAD_,1,SR20A-PC-Q1D-10:I,SR20A-PC-Q1D-10:SETI,20,10,208,4.619253e+02
QUAD_,1,SR21A-PC-Q1D-01:I,SR21A-PC-Q1D-01:SETI,21,1,209,4.736683e+02
QUAD_,1,SR21A-PC-Q2D-02:I,SR21A-PC-Q2D-02:SETI,21,2,210,4.747533e+02
QUAD_,1,SR21A-PC-Q3D-03:I,SR21A-PC-Q3D-03:SETI,21,3,211,4.758180e+02
QUAD_,1,SR21A-PC-Q2AD-04:I,SR21A-PC-Q2AD-04:SETI,21,4,212,4.788093e+02
QUAD_,1,SR21A-PC-Q1AD-05:I,SR21A-PC-Q1AD-05:SETI,21,5,213,4.800327e+02
QUAD_,1,SR21A-PC-Q1AB-06:I,SR21A-PC-Q1AB-06:SETI,21,6,214,4.812097e+02
QUAD_,1,SR21A-PC-Q2AB-07:I,SR21A-PC-Q2AB-07:SETI,21,7,215,4.824343e+02
QUAD_,1,SR21A-PC-Q3B-08:I,SR21A-PC-Q3B-08:SETI,21,8,216,4.855250e+02
QUAD_,1,SR21A-PC-Q2B-09:I,SR21A-PC-Q2B-09:SETI,21,9,217,4.862903e+02
QUAD_,1,SR21A-PC-Q1B-10:I,SR21A-PC-Q1B-10:SETI,21,10,218,4.875753e+02
QUAD_,1,SR22A-PC-Q1B-01:I,SR22A-PC-Q1B-01:SETI,22,1,219,4.963183e+02
QUAD_,1,SR22A-PC-Q2B-02:I,SR22A-PC-Q2B-02:SETI,22,2,220,4.974033e+02
QUAD_,1,SR22A-PC-Q3B-03:I,SR22A-PC-Q3B-03:SETI,22,3,221,4.984680e+02
QUAD_,1,SR22A-PC-Q2AB-04:I,SR22A-PC-Q2AB-04:SETI,22,4,222,5.014593e+02
QUAD_,1,SR22A-PC-Q1AB-05:I,SR22A-PC-Q1AB-05:SETI,22,5,223,5.026827e+02
QUAD_,1,SR22A-PC-Q1AB-06:I,SR22A-PC-Q1AB-06:SETI,22,6,224,5.038597e+02
QUAD_,1,SR22A-PC-Q2AB-07:I,SR22A-PC-Q2AB-07:SETI,22,7,225,5.050843e+02
QUAD_,1,SR22A-PC-Q3B-08:I,SR22A-PC-Q3B-08:SETI,22,8,226,5.081750e+02
QUAD_,1,SR22A-PC-Q2B-09:I,SR22A-PC-Q2B-09:SETI,22,9,227,5.089403e+02
QUAD_,1,SR22A-PC-Q1B-10:I,SR22A-PC-Q1B-10:SETI,22,10,228,5.102253e+02
QUAD_,1,SR23A-PC-Q1B-01:I,SR23A-PC-Q1B-01:SETI,23,1,229,5.189683e+02
QUAD_,1,SR23A-PC-Q2B-02:I,SR23A-PC-Q2B-02:SETI,23,2,230,5.200533e+02
QUAD_,1,SR23A-PC-Q3B-03:I,SR23A-PC-Q3B-03:SETI,23,3,231,5.211180e+02
QUAD_,1,SR23A-PC-Q2AB-04:I,SR23A-PC-Q2AB-04:SETI,23,4,232,5.241093e+02
QUAD_,1,SR23A-PC-Q1AB-05:I,SR23A-PC-Q1AB-05:SETI,23,5,233,5.253327e+02
QUAD_,1,SR23A-PC-Q1AB-06:I,SR23A-PC-Q1AB-06:SETI,23,6,234,5.265097e+02
QUAD_,1,SR23A-PC-Q2AB-07:I,SR23A-PC-Q2AB-07:SETI,23,7,235,5.277343e+02
QUAD_,1,SR23A-PC-Q3B-08:I,SR23A-PC-Q3B-08:SETI,23,8,236,5.308250e+02
QUAD_,1,SR23A-PC-Q2B-09:I,SR23A-PC-Q2B-09:SETI,23,9,237,5.315903e+02
QUAD_,1,SR23A-PC-Q1B-10:I,SR23A-PC-Q1B-10:SETI,23,10,238,5.328753e+02
QUAD_,1,SR24A-PC-Q1B-01:I,SR24A-PC-Q1B-01:SETI,24,1,239,5.416183e+02
QUAD_,1,SR24A-PC-Q2B-02:I,SR24A-PC-Q2B-02:SETI,24,2,240,5.427033e+02
QUAD_,1,SR24A-PC-Q3B-03:I,SR24A-PC-Q3B-03:SETI,24,3,241,5.437680e+02
QUAD_,1,SR24A-PC-Q2AB-04:I,SR24A-PC-Q2AB-04:SETI,24,4,242,5.467593e+02
QUAD_,1,SR24A-PC-Q1AB-05:I,SR24A-PC-Q1AB-05:SETI,24,5,243,5.479827e+02
QUAD_,1,SR24A-PC-Q1AD-06:I,SR24A-PC-Q1AD-06:SETI,24,6,244,5.491597e+02
QUAD_,1,SR24A-PC-Q2AD-07:I,SR24A-PC-Q2AD-07:SETI,24,7,245,5.503843e+02
QUAD_,1,SR24A-PC-Q3D-08:I,SR24A-PC-Q3D-08:SETI,24,8,246,5.534750e+02
QUAD_,1,SR24A-PC-Q2D-09:I,SR24A-PC-Q2D-09:SETI,24,9,247,5.542403e+02
QUAD_,1,SR24A-PC-Q1D-10:I,SR24A-PC-Q1D-10:SETI,24,10,248,5.555253e+02
SEXT_,1,SR01A-PC-S1D-01:I,SR01A-PC-S1D-01:SETI,1,1,1,6.226500e+00
SEXT_,1,SR01A-PC-S2D-02:I,SR01A-PC-S2D-02:SETI,1,2,2,8.326500e+00
SEXT_,1,SR01A-PC-S2A-03:I,SR01A-PC-S2A-03:SETI,1,3,3,1.164250e+01
SEXT_,1,SR01A-PC-S1A-04:I,SR01A-PC-S1A-04:SETI,1,4,4,1.268000e+01
SEXT_,1,SR01A-PC-S2A-05:I,SR01A-PC-S2A-05:SETI,1,5,5,1.381750e+01
SEXT_,1,SR01A-PC-S2C-06:I,SR01A-PC-S2C-06:SETI,1,6,6,1.703350e+01
SEXT_,1,SR01A-PC-S1C-07:I,SR01A-PC-S1C-07:SETI,1,7,7,1.913350e+01
SEXT_,1,SR02A-PC-S1B-01:I,SR02A-PC-S1B-01:SETI,2,1,8,2.887650e+01
SEXT_,1,SR02A-PC-S2B-02:I,SR02A-PC-S2B-02:SETI,2,2,9,3.097650e+01
SEXT_,1,SR02A-PC-S2A-03:I,SR02A-PC-S2A-03:SETI,2,3,10,3.429250e+01
SEXT_,1,SR02A-PC-S1A-04:I,SR02A-PC-S1A-04:SETI,2,4,11,3.533000e+01
SEXT_,1,SR02A-PC-S2A-05:I,SR02A-PC-S2A-05:SETI,2,5,12,3.646750e+01
SEXT_,1,SR02A-PC-S2B-06:I,SR02A-PC-S2B-06:SETI,2,6,13,3.968350e+01
SEXT_,1,SR02A-PC-S1B-07:I,SR02A-PC-S1B-07:SETI,2,7,14,4.178350e+01
SEXT_,1,SR03A-PC-S1B-01:I,SR03A-PC-S1B-01:SETI,3,1,15,5.152650e+01
SEXT_,1,SR03A-PC-S2B-02:I,SR03A-PC-S2B-02:SETI,3,2,16,5.362650e+01
SEXT_,1,SR03A-PC-S2A-03:I,SR03A-PC-S2A-03:SETI,3,3,17,5.694250e+01
SEXT_,1,SR03A-PC-S1A-04:I,SR03A-PC-S1A-04:SETI,3,4,18,5.798000e+01
SEXT_,1,SR03A-PC-S2A-05:I,SR03A-PC-S2A-05:SETI,3,5,19,5.911750e+01
SEXT_,1,SR03A-PC-S2B-06:I,SR03A-PC-S2B-06:SETI,3,6,20,6.233350e+01
SEXT_,1,SR03A-PC-S1B-07:I,SR03A-PC-S1B-07:SETI,3,7,21,6.443350e+01
SEXT_,1,SR04A-PC-S1C-01:I,SR04A-PC-S1C-01:SETI,4,1,22,7.417650e+01
SEXT_,1,SR04A-PC-S2C-02:I,SR04A-PC-S2C-02:SETI,4,2,23,7.627650e+01
SEXT_,1,SR04A-PC-S2A-03:I,SR04A-PC-S2A-03:SETI,4,3,24,7.959250e+01
SEXT_,1,SR04A-PC-S1A-04:I,SR04A-PC-S1A-04:SETI,4,4,25,8.063000e+01
SEXT_,1,SR04A-PC-S2A-05:I,SR04A-PC-S2A-05:SETI,4,5,26,8.176750e+01
SEXT_,1,SR04A-PC-S2D-06:I,SR04A-PC-S2D-06:SETI,4,6,27,8.498350e+01
SEXT_,1,SR04A-PC-S1D-07:I,SR04A-PC-S1D-07:SETI,4,7,28,8.708350e+01
SEXT_,1,SR05A-PC-S1D-01:I,SR05A-PC-S1D-01:SETI,5,1,29,9.982650e+01
SEXT_,1,SR05A-PC-S2D-02:I,SR05A-PC-S2D-02:SETI,5,2,30,1.019265e+02
SEXT_,1,SR05A-PC-S2A-03:I,SR05A-PC-S2A-03:SETI,5,3,31,1.052425e+02
SEXT_,1,SR05A-PC-S1A-04:I,SR05A-PC-S1A-04:SETI,5,4,32,1.062800e+02
SEXT_,1,SR05A-PC-S2A-05:I,SR05A-PC-S2A-05:SETI,5,5,33,1.074175e+02
SEXT_,1,SR05A-PC-S2C-06:I,SR05A-PC-S2C-06:SETI,5,6,34,1.106335e+02
SEXT_,1,SR05A-PC-S1C-07:I,SR05A-PC-S1C-07:SETI,5,7,35,1.127335e+02
SEXT_,1,SR06A-PC-S1B-01:I,SR06A-PC-S1B-01:SETI,6,1,36,1.224765e+02
SEXT_,1,SR06A-PC-S2B-02:I,SR06A-PC-S2B-02:SETI,6,2,37,1.245765e+02
SEXT_,1,SR06A-PC-S2A-03:I,SR06A-PC-S2A-03:SETI,6,3,38,1.278925e+02
SEXT_,1,SR06A-PC-S1A-04:I,SR06A-PC-S1A-04:SETI,6,4,39,1.289300e+02
SEXT_,1,SR06A-PC-S2A-05:I,SR06A-PC-S2A-05:SETI,6,5,40,1.300675e+02
SEXT_,1,SR06A-PC-S2B-06:I,SR06A-PC-S2B-06:SETI,6,6,41,1.332835e+02
SEXT_,1,SR06A-PC-S1B-07:I,SR06A-PC-S1B-07:SETI,6,7,42,1.353835e+02
SEXT_,1,SR07A-PC-S1B-01:I,SR07A-PC-S1B-01:SETI,7,1,43,1.451265e+02
SEXT_,1,SR07A-PC-S2B-02:I,SR07A-PC-S2B-02:SETI,7,2,44,1.472265e+02
SEXT_,1,SR07A-PC-S2A-03:I,SR07A-PC-S2A-03:SETI,7,3,45,1.505425e+02
SEXT_,1,SR07A-PC-S1A-04:I,SR07A-PC-S1A-04:SETI,7,4,46,1.515800e+02
SEXT_,1,SR07A-PC-S2A-05:I,SR07A-PC-S2A-05:SETI,7,5,47,1.527175e+02
SEXT_,1,SR07A-PC-S2B-06:I,SR07A-PC-S2B-06:SETI,7,6,48,1.559335e+02
SEXT_,1,SR07A-PC-S1B-07:I,SR07A-PC-S1B-07:SETI,7,7,49,1.580335e+02
SEXT_,1,SR08A-PC-S1C-01:I,SR08A-PC-S1C-01:SETI,8,1,50,1.677765e+02
SEXT_,1,SR08A-PC-S2C-02:I,SR08A-PC-S2C-02:SETI,8,2,51,1.698765e+02
SEXT_,1,SR08A-PC-S2A-03:I,SR08A-PC-S2A-03:SETI,8,3,52,1.731925e+02
SEXT_,1,SR08A-PC-S1A-04:I,SR08A-PC-S1A-04:SETI,8,4,53,1.742300e+02
SEXT_,1,SR08A-PC-S2A-05:I,SR08A-PC-S2A-05:SETI,8,5,54,1.753675e+02
SEXT_,1,SR08A-PC-S2D-06:I,SR08A-PC-S2D-06:SETI,8,6,55,1.785835e+02
SEXT_,1,SR08A-PC-S1D-07:I,SR08A-PC-S1D-07:SETI,8,7,56,1.806835e+02
SEXT_,1,SR09A-PC-S1D-01:I,SR09A-PC-S1D-01:SETI,9,1,57,1.934265e+02
SEXT_,1,SR09A-PC-S2D-02:I,SR09A-PC-S2D-02:SETI,9,2,58,1.955265e+02
SEXT_,1,SR09A-PC-S2A-03:I,SR09A-PC-S2A-03:SETI,9,3,59,1.988425e+02
SEXT_,1,SR09A-PC-S1A-04:I,SR09A-PC-S1A-04:SETI,9,4,60,1.998800e+02
SEXT_,1,SR09A-PC-S2A-05:I,SR09A-PC-S2A-05:SETI,9,5,61,2.010175e+02
SEXT_,1,SR09A-PC-S2C-06:I,SR09A-PC-S2C-06:SETI,9,6,62,2.042335e+02
SEXT_,1,SR09A-PC-S1C-07:I,SR09A-PC-S1C-07:SETI,9,7,63,2.063335e+02
SEXT_,1,SR10A-PC-S1B-01:I,SR10A-PC-S1B-01:SETI,10,1,64,2.160765e+02
SEXT_,1,SR10A-PC-S2B-02:I,SR10A-PC-S2B-02:SETI,10,2,65,2.181765e+02
SEXT_,1,SR10A-PC-S2A-03:I,SR10A-PC-S2A-03:SETI,10,3,66,2.214925e+02
SEXT_,1,SR10A-PC-S1A-04:I,SR10A-PC-S1A-04:SETI,10,4,67,2.225300e+02
SEXT_,1,SR10A-PC-S2A-05:I,SR10A-PC-S2A-05:SETI,10,5,68,2.236675e+02
SEXT_,1,SR10A-PC-S2B-06:I,SR10A-PC-S2B-06:SETI,10,6,69,2.268835e+02
SEXT_,1,SR10A-PC-S1B-07:I,SR10A-PC-S1B-07:SETI,10,7,70,2.289835e+02
SEXT_,1,SR11A-PC-S1B-01:I,SR11A-PC-S1B-01:SETI,11,1,71,2.387265e+02
SEXT_,1,SR11A-PC-S2B-02:I,SR11A-PC-S2B-02:SETI,11,2,72,2.408265e+02
SEXT_,1,SR11A-PC-S2A-03:I,SR11A-PC-S2A-03:SETI,11,3,73,2.441425e+02
SEXT_,1,SR11A-PC-S1A-04:I,SR11A-PC-S1A-04:SETI,11,4,74,2.451800e+02
SEXT_,1,SR11A-PC-S2A-05:I,SR11A-PC-S2A-05:SETI,11,5,75,2.463175e+02
SEXT_,1,SR11A-PC-S2B-06:I,SR11A-PC-S2B-06:SETI,11,6,76,2.495335e+02
SEXT_,1,SR11A-PC-S1B-07:I,SR11A-PC-S1B-07:SETI,11,7,77,2.516335e+02
SEXT_,1,SR12A-PC-S1C-01:I,SR12A-PC-S1C-01:SETI,12,1,78,2.613765e+02
SEXT_,1,SR12A-PC-S2C-02:I,SR12A-PC-S2C-02:SETI,12,2,79,2.634765e+02
SEXT_,1,SR12A-PC-S2A-03:I,SR12A-PC-S2A-03:SETI,12,3,80,2.667925e+02
SEXT_,1,SR12A-PC-S1A-04:I,SR12A-PC-S1A-04:SETI,12,4,81,2.678300e+02
SEXT_,1,SR12A-PC-S2A-05:I,SR12A-PC-S2A-05:SETI,12,5,82,2.689675e+02
SEXT_,1,SR12A-PC-S2D-06:I,SR12A-PC-S2D-06:SETI,12,6,83,2.721835e+02
SEXT_,1,SR12A-PC-S1D-07:I,SR12A-PC-S1D-07:SETI,12,7,84,2.742835e+02
SEXT_,1,SR13A-PC-S1D-01:I,SR13A-PC-S1D-01:SETI,13,1,85,2.870265e+02
SEXT_,1,SR13A-PC-S2D-02:I,SR13A-PC-S2D-02:SETI,13,2,86,2.891265e+02
SEXT_,1,SR13A-PC-S2A-03:I,SR13A-PC-S2A-03:SETI,13,3,87,2.924425e+02
SEXT_,1,SR13A-PC-S1A-04:I,SR13A-PC-S1A-04:SETI,13,4,88,2.934800e+02
SEXT_,1,SR13A-PC-S2A-05:I,SR13A-PC-S2A-05:SETI,13,5,89,2.946175e+02
SEXT_,1,SR13A-PC-S2C-06:I,SR13A-PC-S2C-06:SETI,13,6,90,2.978335e+02
SEXT_,1,SR13A-PC-S1C-07:I,SR13A-PC-S1C-07:SETI,13,7,91,2.999335e+02
SEXT_,1,SR14A-PC-S1B-01:I,SR14A-PC-S1B-01:SETI,14,1,92,3.096765e+02
SEXT_,1,SR14A-PC-S2B-02:I,SR14A-PC-S2B-02:SETI,14,2,93,3.117765e+02
SEXT_,1,SR14A-PC-S2A-03:I,SR14A-PC-S2A-03:SETI,14,3,94,3.150925e+02
SEXT_,1,SR14A-PC-S1A-04:I,SR14A-PC-S1A-04:SETI,14,4,95,3.161300e+02
SEXT_,1,SR14A-PC-S2A-05:I,SR14A-PC-S2A-05:SETI,14,5,96,3.172675e+02
SEXT_,1,SR14A-PC-S2B-06:I,SR14A-PC-S2B-06:SETI,14,6,97,3.204835e+02
SEXT_,1,SR14A-PC-S1B-07:I,SR14A-PC-S1B-07:SETI,14,7,98,3.225835e+02
SEXT_,1,SR15A-PC-S1B-01:I,SR15A-PC-S1B-01:SETI,15,1,99,3.323265e+02
SEXT_,1,SR15A-PC-S2B-02:I,SR15A-PC-S2B-02:SETI,15,2,100,3.344265e+02
SEXT_,1,SR15A-PC-S2A-03:I,SR15A-PC-S2A-03:SETI,15,3,101,3.377425e+02
SEXT_,1,SR15A-PC-S1A-04:I,SR15A-PC-S1A-04:SETI,15,4,102,3.387800e+02
SEXT_,1,SR15A-PC-S2A-05:I,SR15A-PC-S2A-05:SETI,15,5,103,3.399175e+02
SEXT_,1,SR15A-PC-S2B-06:I,SR15A-PC-S2B-06:SETI,15,6,104,3.431335e+02
SEXT_,1,SR15A-PC-S1B-07:I,SR15A-PC-S1B-07:SETI,15,7,105,3.452335e+02
SEXT_,1,SR16A-PC-S1C-01:I,SR16A-PC-S1C-01:SETI,16,1,106,3.549765e+02
SEXT_,1,SR16A-PC-S2C-02:I,SR16A-PC-S2C-02:SETI,16,2,107,3.570765e+02
SEXT_,1,SR16A-PC-S2A-03:I,SR16A-PC-S2A-03:SETI,16,3,108,3.603925e+02
SEXT_,1,SR16A-PC-S1A-04:I,SR16A-PC-S1A-04:SETI,16,4,109,3.614300e+02
SEXT_,1,SR16A-PC-S2A-05:I,SR16A-PC-S2A-05:SETI,16,5,110,3.625675e+02
SEXT_,1,SR16A-PC-S2D-06:I,SR16A-PC-S2D-06:SETI,16,6,111,3.657835e+02
SEXT_,1,SR16A-PC-S1D-07:I,SR16A-PC-S1D-07:SETI,16,7,112,3.678835e+02
SEXT_,1,SR17A-PC-S1D-01:I,SR17A-PC-S1D-01:SETI,17,1,113,3.806265e+02
SEXT_,1,SR17A-PC-S2D-02:I,SR17A-PC-S2D-02:SETI,17,2,114,3.827265e+02
SEXT_,1,SR17A-PC-S2A-03:I,SR17A-PC-S2A-03:SETI,17,3,115,3.860425e+02
SEXT_,1,SR17A-PC-S1A-04:I,SR17A-PC-S1A-04:SETI,17,4,116,3.870800e+02
SEXT_,1,SR17A-PC-S2A-05:I,SR17A-PC-S2A-05:SETI,17,5,117,3.882175e+02
SEXT_,1,SR17A-PC-S2C-06:I,SR17A-PC-S2C-06:SETI,17,6,118,3.914335e+02
SEXT_,1,SR17A-PC-S1C-07:I,SR17A-PC-S1C-07:SETI,17,7,119,3.935335e+02
SEXT_,1,SR18A-PC-S1B-01:I,SR18A-PC-S1B-01:SETI,18,1,120,4.032765e+02
SEXT_,1,SR18A-PC-S2B-02:I,SR18A-PC-S2B-02:SETI,18,2,121,4.053765e+02
SEXT_,1,SR18A-PC-S2A-03:I,SR18A-PC-S2A-03:SETI,18,3,122,4.086925e+02
SEXT_,1,SR18A-PC-S1A-04:I,SR18A-PC-S1A-04:SETI,18,4,123,4.097300e+02
SEXT_,1,SR18A-PC-S2A-05:I,SR18A-PC-S2A-05:SETI,18,5,124,4.108675e+02
SEXT_,1,SR18A-PC-S2B-06:I,SR18A-PC-S2B-06:SETI,18,6,125,4.140835e+02
SEXT_,1,SR18A-PC-S1B-07:I,SR18A-PC-S1B-07:SETI,18,7,126,4.161835e+02
SEXT_,1,SR19A-PC-S1B-01:I,SR19A-PC-S1B-01:SETI,19,1,127,4.259265e+02
SEXT_,1,SR19A-PC-S2B-02:I,SR19A-PC-S2B-02:SETI,19,2,128,4.280265e+02
SEXT_,1,SR19A-PC-S2A-03:I,SR19A-PC-S2A-03:SETI,19,3,129,4.313425e+02
SEXT_,1,SR19A-PC-S1A-04:I,SR19A-PC-S1A-04:SETI,19,4,130,4.323800e+02
SEXT_,1,SR19A-PC-S2A-05:I,SR19A-PC-S2A-05:SETI,19,5,131,4.335175e+02
SEXT_,1,SR19A-PC-S2B-06:I,SR19A-PC-S2B-06:SETI,19,6,132,4.367335e+02
SEXT_,1,SR19A-PC-S1B-07:I,SR19A-PC-S1B-07:SETI,19,7,133,4.388335e+02
SEXT_,1,SR20A-PC-S1C-01:I,SR20A-PC-S1C-01:SETI,20,1,134,4.485765e+02
SEXT_,1,SR20A-PC-S2C-02:I,SR20A-PC-S2C-02:SETI,20,2,135,4.506765e+02
SEXT_,1,SR20A-PC-S2A-03:I,SR20A-PC-S2A-03:SETI,20,3,136,4.539925e+02
SEXT_,1,SR20A-PC-S1A-04:I,SR20A-PC-S1A-04:SETI,20,4,137,4.550300e+02
SEXT_,1,SR20A-PC-S2A-05:I,SR20A-PC-S2A-05:SETI,20,5,138,4.561675e+02
SEXT_,1,SR20A-PC-S2D-06:I,SR20A-PC-S2D-06:SETI,20,6,139,4.593835e+02
SEXT_,1,SR20A-PC-S1D-07:I,SR20A-PC-S1D-07:SETI,20,7,140,4.614835e+02
SEXT_,1,SR21A-PC-S1D-01:I,SR21A-PC-S1D-01:SETI,21,1,141,4.742265e+02
SEXT_,1,SR21A-PC-S2D-02:I,SR21A-PC-S2D-02:SETI,21,2,142,4.763265e+02
SEXT_,1,SR21A-PC-S2A-03:I,SR21A-PC-S2A-03:SETI,21,3,143,4.796425e+02
SEXT_,1,SR21A-PC-S1A-04:I,SR21A-PC-S1A-04:SETI,21,4,144,4.806800e+02
SEXT_,1,SR21A-PC-S2A-05:I,SR21A-PC-S2A-05:SETI,21,5,145,4.818175e+02
SEXT_,1,SR21A-PC-S2C-06:I,SR21A-PC-S2C-06:SETI,21,6,146,4.850335e+02
SEXT_,1,SR21A-PC-S1C-07:I,SR21A-PC-S1C-07:SETI,21,7,147,4.871335e+02
SEXT_,1,SR22A-PC-S1B-01:I,SR22A-PC-S1B-01:SETI,22,1,148,4.968765e+02
SEXT_,1,SR22A-PC-S2B-02:I,SR22A-PC-S2B-02:SETI,22,2,149,4.989765e+02
SEXT_,1,SR22A-PC-S2A-03:I,SR22A-PC-S2A-03:SETI,22,3,150,5.022925e+02
SEXT_,1,SR22A-PC-S1A-04:I,SR22A-PC-S1A-04:SETI,22,4,151,5.033300e+02
SEXT_,1,SR22A-PC-S2A-05:I,SR22A-PC-S2A-05:SETI,22,5,152,5.044675e+02
SEXT_,1,SR22A-PC-S2B-06:I,SR22A-PC-S2B-06:SETI,22,6,153,5.076835e+02
SEXT_,1,SR22A-PC-S1B-07:I,SR22A-PC-S1B-07:SETI,22,7,154,5.097835e+02
SEXT_,1,SR23A-PC-S1B-01:I,SR23A-PC-S1B-01:SETI,23,1,155,5.195265e+02
SEXT_,1,SR23A-PC-S2B-02:I,SR23A-PC-S2B-02:SETI,23,2,156,5.216265e+02
SEXT_,1,SR23A-PC-S2A-03:I,SR23A-PC-S2A-03:SETI,23,3,157,5.249425e+02
SEXT_,1,SR23A-PC-S1A-04:I,SR23A-PC-S1A-04:SETI,23,4,158,5.259800e+02
SEXT_,1,SR23A-PC-S2A-05:I,SR23A-PC-S2A-05:SETI,23,5,159,5.271175e+02
SEXT_,1,SR23A-PC-S2B-06:I,SR23A-PC-S2B-06:SETI,23,6,160,5.303335e+02
SEXT_,1,SR23A-PC-S1B-07:I,SR23A-PC-S1B-07:SETI,23,7,161,5.324335e+02
SEXT_,1,SR24A-PC-S1C-01:I,SR24A-PC-S1C-01:SETI,24,1,162,5.421765e+02
SEXT_,1,SR24A-PC-S2C-02:I,SR24A-PC-S2C-02:SETI,24,2,163,5.442765e+02
SEXT_,1,SR24A-PC-S2A-03:I,SR24A-PC-S2A-03:SETI,24,3,164,5.475925e+02
SEXT_,1,SR24A-PC-S1A-04:I,SR24A-PC-S1A-04:SETI,24,4,165,5.486300e+02
SEXT_,1,SR24A-PC-S2A-05:I,SR24A-PC-S2A-05:SETI,24,5,166,5.497675e+02
SEXT_,1,SR24A-PC-S2D-06:I,SR24A-PC-S2D-06:SETI,24,6,167,5.529835e+02
SEXT_,1,SR24A-PC-S1D-07:I,SR24A-PC-S1D-07:SETI,24,7,168,5.550835e+02
RF,1,LI-RF-MOSC-01:FREQ,LI-RF-MOSC-01:FREQ_SET,1,1,1,0
